,budgetYear,REG_ONCB,REG_NAME,PROV_ID,PROV_NAME,arrestAll_case,arrestAll_per,arrestTreat_case,arrestTreat_per,arrestOccupy_case,arrestOccupy_per,arrestOccupy4sale_case,arrestOccupy4sale_per,arrestSale_case,arrestSale_per,arrestProduct_case,arrestProduct_per,arrestImport_case,arrestImport_per,arrestExport_case,arrestExport_per,arrestJoincase_cas,arrestJoincase_per,arrest5Main_case,arrest5Main_per
0,2557,04,ปปส.ภาค 4,46,กาฬสินธุ์,4119,4341,0,0,0,0,0,0,0,0,0,0,0.0,0.0,0.0,0.0,0.0,0.0,1073,1256
1,2557,04,ปปส.ภาค 4,40,ขอนแก่น,7408,7630,0,0,0,0,0,0,0,0,0,0,0.0,0.0,0.0,0.0,0.0,0.0,1247,1431
2,2557,04,ปปส.ภาค 4,48,นครพนม,4511,4637,0,0,0,0,0,0,0,0,0,0,0.0,0.0,0.0,0.0,0.0,0.0,397,503
3,2557,04,ปปส.ภาค 4,38,บึงกาฬ,2605,2678,0,0,0,0,0,0,0,0,0,0,0.0,0.0,0.0,0.0,0.0,0.0,284,347
4,2557,04,ปปส.ภาค 4,44,มหาสารคาม,2709,2773,0,0,0,0,0,0,0,0,0,0,0.0,0.0,0.0,0.0,0.0,0.0,624,684
5,2557,04,ปปส.ภาค 4,49,มุกดาหาร,2451,2574,0,0,0,0,0,0,0,0,0,0,0.0,0.0,0.0,0.0,0.0,0.0,309,415
6,2557,04,ปปส.ภาค 4,45,ร้อยเอ็ด,5972,6089,0,0,0,0,0,0,0,0,0,0,0.0,0.0,0.0,0.0,0.0,0.0,554,645
7,2557,04,ปปส.ภาค 4,42,เลย,3733,3898,0,0,0,0,0,0,0,0,0,0,0.0,0.0,0.0,0.0,0.0,0.0,491,578
8,2557,04,ปปส.ภาค 4,47,สกลนคร,4027,4191,0,0,0,0,0,0,0,0,0,0,0.0,0.0,0.0,0.0,0.0,0.0,585,717
9,2557,04,ปปส.ภาค 4,43,หนองคาย,2654,2753,0,0,0,0,0,0,0,0,0,0,0.0,0.0,0.0,0.0,0.0,0.0,428,520
10,2557,04,ปปส.ภาค 4,39,หนองบัวลำภู,1501,1552,0,0,0,0,0,0,0,0,0,0,0.0,0.0,0.0,0.0,0.0,0.0,239,271
11,2557,04,ปปส.ภาค 4,41,อุดรธานี,5416,5595,0,0,0,0,0,0,0,0,0,0,0.0,0.0,0.0,0.0,0.0,0.0,837,961
12,2557,05,ปปส.ภาค 5,57,เชียงราย,5495,5659,0,0,0,0,0,0,0,0,0,0,0.0,0.0,0.0,0.0,0.0,0.0,598,740
13,2557,05,ปปส.ภาค 5,50,เชียงใหม่,7102,7439,0,0,0,0,0,0,0,0,0,0,0.0,0.0,0.0,0.0,0.0,0.0,1511,1770
14,2557,05,ปปส.ภาค 5,55,น่าน,1133,1227,0,0,0,0,0,0,0,0,0,0,0.0,0.0,0.0,0.0,0.0,0.0,200,256
15,2557,05,ปปส.ภาค 5,56,พะเยา,1658,1747,0,0,0,0,0,0,0,0,0,0,0.0,0.0,0.0,0.0,0.0,0.0,330,404
16,2557,05,ปปส.ภาค 5,54,แพร่,1182,1273,0,0,0,0,0,0,0,0,0,0,0.0,0.0,0.0,0.0,0.0,0.0,309,384
17,2557,05,ปปส.ภาค 5,58,แม่ฮ่องสอน,139,144,0,0,0,0,0,0,0,0,0,0,0.0,0.0,0.0,0.0,0.0,0.0,17,18
18,2557,05,ปปส.ภาค 5,52,ลำปาง,1611,1765,0,0,0,0,0,0,0,0,0,0,0.0,0.0,0.0,0.0,0.0,0.0,400,515
19,2557,05,ปปส.ภาค 5,51,ลำพูน,1069,1139,0,0,0,0,0,0,0,0,0,0,0.0,0.0,0.0,0.0,0.0,0.0,405,467
20,2557,06,ปปส.ภาค 6,62,กำแพงเพชร,3450,3625,0,0,0,0,0,0,0,0,0,0,0.0,0.0,0.0,0.0,0.0,0.0,904,1057
21,2557,06,ปปส.ภาค 6,63,ตาก,1873,1978,0,0,0,0,0,0,0,0,0,0,0.0,0.0,0.0,0.0,0.0,0.0,376,446
22,2557,06,ปปส.ภาค 6,60,นครสวรรค์,3821,4019,0,0,0,0,0,0,0,0,0,0,0.0,0.0,0.0,0.0,0.0,0.0,844,969
23,2557,06,ปปส.ภาค 6,66,พิจิตร,2688,2801,0,0,0,0,0,0,0,0,0,0,0.0,0.0,0.0,0.0,0.0,0.0,525,613
24,2557,06,ปปส.ภาค 6,65,พิษณุโลก,4821,5069,0,0,0,0,0,0,0,0,0,0,0.0,0.0,0.0,0.0,0.0,0.0,928,1136
25,2557,06,ปปส.ภาค 6,67,เพชรบูรณ์,4337,4547,0,0,0,0,0,0,0,0,0,0,0.0,0.0,0.0,0.0,0.0,0.0,795,963
26,2557,06,ปปส.ภาค 6,64,สุโขทัย,2149,2288,0,0,0,0,0,0,0,0,0,0,0.0,0.0,0.0,0.0,0.0,0.0,453,561
27,2557,06,ปปส.ภาค 6,53,อุตรดิตถ์,1912,1993,0,0,0,0,0,0,0,0,0,0,0.0,0.0,0.0,0.0,0.0,0.0,367,436
28,2557,06,ปปส.ภาค 6,61,อุทัยธานี,1608,1676,0,0,0,0,0,0,0,0,0,0,0.0,0.0,0.0,0.0,0.0,0.0,328,385
29,2557,07,ปปส.ภาค 7,71,กาญจนบุรี,3267,3368,0,0,0,0,0,0,0,0,0,0,0.0,0.0,0.0,0.0,0.0,0.0,896,979
30,2557,07,ปปส.ภาค 7,73,นครปฐม,3411,3514,0,0,0,0,0,0,0,0,0,0,0.0,0.0,0.0,0.0,0.0,0.0,1062,1147
31,2557,07,ปปส.ภาค 7,77,ประจวบคีรีขันธ์,3057,3202,0,0,0,0,0,0,0,0,0,0,0.0,0.0,0.0,0.0,0.0,0.0,971,1083
32,2557,07,ปปส.ภาค 7,76,เพชรบุรี,2210,2349,0,0,0,0,0,0,0,0,0,0,0.0,0.0,0.0,0.0,0.0,0.0,575,688
33,2557,07,ปปส.ภาค 7,70,ราชบุรี,4839,4937,0,0,0,0,0,0,0,0,0,0,0.0,0.0,0.0,0.0,0.0,0.0,1026,1107
34,2557,07,ปปส.ภาค 7,75,สมุทรสงคราม,666,689,0,0,0,0,0,0,0,0,0,0,0.0,0.0,0.0,0.0,0.0,0.0,163,182
35,2557,07,ปปส.ภาค 7,74,สมุทรสาคร,3823,3842,0,0,0,0,0,0,0,0,0,0,0.0,0.0,0.0,0.0,0.0,0.0,1011,1028
36,2557,07,ปปส.ภาค 7,72,สุพรรณบุรี,3778,3885,0,0,0,0,0,0,0,0,0,0,0.0,0.0,0.0,0.0,0.0,0.0,957,1054
37,2557,08,ปปส.ภาค 8,81,กระบี่,3027,3597,0,0,0,0,0,0,0,0,0,0,0.0,0.0,0.0,0.0,0.0,0.0,983,1370
38,2557,08,ปปส.ภาค 8,86,ชุมพร,3487,3974,0,0,0,0,0,0,0,0,0,0,0.0,0.0,0.0,0.0,0.0,0.0,667,935
39,2557,08,ปปส.ภาค 8,80,นครศรีธรรมราช,12619,14447,0,0,0,0,0,0,0,0,0,0,0.0,0.0,0.0,0.0,0.0,0.0,3462,4639
40,2557,08,ปปส.ภาค 8,82,พังงา,1266,1488,0,0,0,0,0,0,0,0,0,0,0.0,0.0,0.0,0.0,0.0,0.0,490,622
41,2557,08,ปปส.ภาค 8,83,ภูเก็ต,3168,3700,0,0,0,0,0,0,0,0,0,0,0.0,0.0,0.0,0.0,0.0,0.0,1191,1445
42,2557,08,ปปส.ภาค 8,85,ระนอง,1779,1853,0,0,0,0,0,0,0,0,0,0,0.0,0.0,0.0,0.0,0.0,0.0,568,624
43,2557,08,ปปส.ภาค 8,84,สุราษฎร์ธานี,9995,12125,0,0,0,0,0,0,0,0,0,0,0.0,0.0,0.0,0.0,0.0,0.0,3047,4438
44,2557,09,ปปส.ภาค 9,92,ตรัง,6083,6476,0,0,0,0,0,0,0,0,0,0,0.0,0.0,0.0,0.0,0.0,0.0,848,1148
45,2557,09,ปปส.ภาค 9,96,นราธิวาส,3206,3392,0,0,0,0,0,0,0,0,0,0,0.0,0.0,0.0,0.0,0.0,0.0,589,693
46,2557,09,ปปส.ภาค 9,94,ปัตตานี,3084,3361,0,0,0,0,0,0,0,0,0,0,0.0,0.0,0.0,0.0,0.0,0.0,527,647
47,2557,09,ปปส.ภาค 9,93,พัทลุง,3558,4060,0,0,0,0,0,0,0,0,0,0,0.0,0.0,0.0,0.0,0.0,0.0,944,1313
48,2557,09,ปปส.ภาค 9,95,ยะลา,2813,3128,0,0,0,0,0,0,0,0,0,0,0.0,0.0,0.0,0.0,0.0,0.0,497,646
49,2557,09,ปปส.ภาค 9,90,สงขลา,8212,9988,0,0,0,0,0,0,0,0,0,0,0.0,0.0,0.0,0.0,0.0,0.0,3203,4286
50,2557,09,ปปส.ภาค 9,91,สตูล,2747,3033,0,0,0,0,0,0,0,0,0,0,0.0,0.0,0.0,0.0,0.0,0.0,584,753
51,2557,10,กรุงเทพมหานคร,10,กรุงเทพมหานคร,47967,48892,0,0,0,0,0,0,0,0,0,0,0.0,0.0,0.0,0.0,0.0,0.0,5300,5854
52,2557,01,ปปส.ภาค 1,18,ชัยนาท,951,992,0,0,0,0,0,0,0,0,0,0,0.0,0.0,0.0,0.0,0.0,0.0,264,296
53,2557,01,ปปส.ภาค 1,12,นนทบุรี,5571,5635,0,0,0,0,0,0,0,0,0,0,0.0,0.0,0.0,0.0,0.0,0.0,731,771
54,2557,01,ปปส.ภาค 1,13,ปทุมธานี,6550,6697,0,0,0,0,0,0,0,0,0,0,0.0,0.0,0.0,0.0,0.0,0.0,1068,1168
55,2557,01,ปปส.ภาค 1,14,พระนครศรีอยุธยา,4016,4167,0,0,0,0,0,0,0,0,0,0,0.0,0.0,0.0,0.0,0.0,0.0,1069,1196
56,2557,01,ปปส.ภาค 1,16,ลพบุรี,5419,5665,0,0,0,0,0,0,0,0,0,0,0.0,0.0,0.0,0.0,0.0,0.0,1070,1259
57,2557,01,ปปส.ภาค 1,11,สมุทรปราการ,10602,10721,0,0,0,0,0,0,0,0,0,0,0.0,0.0,0.0,0.0,0.0,0.0,1158,1227
58,2557,01,ปปส.ภาค 1,19,สระบุรี,3444,3521,0,0,0,0,0,0,0,0,0,0,0.0,0.0,0.0,0.0,0.0,0.0,720,784
59,2557,01,ปปส.ภาค 1,17,สิงห์บุรี,1212,1242,0,0,0,0,0,0,0,0,0,0,0.0,0.0,0.0,0.0,0.0,0.0,171,188
60,2557,01,ปปส.ภาค 1,15,อ่างทอง,2335,2376,0,0,0,0,0,0,0,0,0,0,0.0,0.0,0.0,0.0,0.0,0.0,234,263
61,2557,02,ปปส.ภาค 2,22,จันทบุรี,2616,2663,0,0,0,0,0,0,0,0,0,0,0.0,0.0,0.0,0.0,0.0,0.0,467,504
62,2557,02,ปปส.ภาค 2,24,ฉะเชิงเทรา,7187,7314,0,0,0,0,0,0,0,0,0,0,0.0,0.0,0.0,0.0,0.0,0.0,1122,1227
63,2557,02,ปปส.ภาค 2,20,ชลบุรี,20664,20935,0,0,0,0,0,0,0,0,0,0,0.0,0.0,0.0,0.0,0.0,0.0,3034,3247
64,2557,02,ปปส.ภาค 2,23,ตราด,1220,1264,0,0,0,0,0,0,0,0,0,0,0.0,0.0,0.0,0.0,0.0,0.0,139,173
65,2557,02,ปปส.ภาค 2,26,นครนายก,2656,2695,0,0,0,0,0,0,0,0,0,0,0.0,0.0,0.0,0.0,0.0,0.0,368,401
66,2557,02,ปปส.ภาค 2,25,ปราจีนบุรี,3158,3280,0,0,0,0,0,0,0,0,0,0,0.0,0.0,0.0,0.0,0.0,0.0,704,796
67,2557,02,ปปส.ภาค 2,21,ระยอง,6379,6551,0,0,0,0,0,0,0,0,0,0,0.0,0.0,0.0,0.0,0.0,0.0,1547,1703
68,2557,02,ปปส.ภาค 2,27,สระแก้ว,2805,2923,0,0,0,0,0,0,0,0,0,0,0.0,0.0,0.0,0.0,0.0,0.0,585,692
69,2557,03,ปปส.ภาค 3,36,ชัยภูมิ,2244,2372,0,0,0,0,0,0,0,0,0,0,0.0,0.0,0.0,0.0,0.0,0.0,678,787
70,2557,03,ปปส.ภาค 3,30,นครราชสีมา,6942,7258,0,0,0,0,0,0,0,0,0,0,0.0,0.0,0.0,0.0,0.0,0.0,1866,2134
71,2557,03,ปปส.ภาค 3,31,บุรีรัมย์,2008,2166,0,0,0,0,0,0,0,0,0,0,0.0,0.0,0.0,0.0,0.0,0.0,561,697
72,2557,03,ปปส.ภาค 3,35,ยโสธร,2337,2414,0,0,0,0,0,0,0,0,0,0,0.0,0.0,0.0,0.0,0.0,0.0,338,401
73,2557,03,ปปส.ภาค 3,33,ศรีสะเกษ,2614,2826,0,0,0,0,0,0,0,0,0,0,0.0,0.0,0.0,0.0,0.0,0.0,714,877
74,2557,03,ปปส.ภาค 3,32,สุรินทร์,1979,2196,0,0,0,0,0,0,0,0,0,0,0.0,0.0,0.0,0.0,0.0,0.0,509,699
75,2557,03,ปปส.ภาค 3,37,อำนาจเจริญ,2748,2832,0,0,0,0,0,0,0,0,0,0,0.0,0.0,0.0,0.0,0.0,0.0,495,566
76,2557,03,ปปส.ภาค 3,34,อุบลราชธานี,7793,8107,0,0,0,0,0,0,0,0,0,0,0.0,0.0,0.0,0.0,0.0,0.0,1640,1897
77,2558,10,กรุงเทพมหานคร,10,กรุงเทพมหานคร,37043,38056,0,0,0,0,0,0,0,0,0,0,0.0,0.0,0.0,0.0,0.0,0.0,4593,5139
78,2558,01,ปปส.ภาค 1,18,ชัยนาท,617,667,0,0,0,0,0,0,0,0,0,0,0.0,0.0,0.0,0.0,0.0,0.0,219,241
79,2558,01,ปปส.ภาค 1,12,นนทบุรี,3985,4121,0,0,0,0,0,0,0,0,0,0,0.0,0.0,0.0,0.0,0.0,0.0,826,899
80,2558,01,ปปส.ภาค 1,13,ปทุมธานี,3552,3698,0,0,0,0,0,0,0,0,0,0,0.0,0.0,0.0,0.0,0.0,0.0,933,1038
81,2558,01,ปปส.ภาค 1,14,พระนครศรีอยุธยา,2114,2233,0,0,0,0,0,0,0,0,0,0,0.0,0.0,0.0,0.0,0.0,0.0,846,949
82,2558,01,ปปส.ภาค 1,16,ลพบุรี,2634,2789,0,0,0,0,0,0,0,0,0,0,0.0,0.0,0.0,0.0,0.0,0.0,786,900
83,2558,01,ปปส.ภาค 1,11,สมุทรปราการ,7976,8123,0,0,0,0,0,0,0,0,0,0,0.0,0.0,0.0,0.0,0.0,0.0,1682,1776
84,2558,01,ปปส.ภาค 1,19,สระบุรี,1894,1935,0,0,0,0,0,0,0,0,0,0,0.0,0.0,0.0,0.0,0.0,0.0,521,554
85,2558,01,ปปส.ภาค 1,17,สิงห์บุรี,681,719,0,0,0,0,0,0,0,0,0,0,0.0,0.0,0.0,0.0,0.0,0.0,208,242
86,2558,01,ปปส.ภาค 1,15,อ่างทอง,996,1025,0,0,0,0,0,0,0,0,0,0,0.0,0.0,0.0,0.0,0.0,0.0,211,228
87,2558,02,ปปส.ภาค 2,22,จันทบุรี,1536,1591,0,0,0,0,0,0,0,0,0,0,0.0,0.0,0.0,0.0,0.0,0.0,518,563
88,2558,02,ปปส.ภาค 2,24,ฉะเชิงเทรา,5197,5380,0,0,0,0,0,0,0,0,0,0,0.0,0.0,0.0,0.0,0.0,0.0,1252,1395
89,2558,02,ปปส.ภาค 2,20,ชลบุรี,6821,7092,0,0,0,0,0,0,0,0,0,0,0.0,0.0,0.0,0.0,0.0,0.0,2203,2399
90,2558,02,ปปส.ภาค 2,23,ตราด,791,831,0,0,0,0,0,0,0,0,0,0,0.0,0.0,0.0,0.0,0.0,0.0,138,169
91,2558,02,ปปส.ภาค 2,26,นครนายก,1974,2022,0,0,0,0,0,0,0,0,0,0,0.0,0.0,0.0,0.0,0.0,0.0,446,488
92,2558,02,ปปส.ภาค 2,25,ปราจีนบุรี,2164,2225,0,0,0,0,0,0,0,0,0,0,0.0,0.0,0.0,0.0,0.0,0.0,605,654
93,2558,02,ปปส.ภาค 2,21,ระยอง,5299,5495,0,0,0,0,0,0,0,0,0,0,0.0,0.0,0.0,0.0,0.0,0.0,1433,1612
94,2558,02,ปปส.ภาค 2,27,สระแก้ว,1845,1962,0,0,0,0,0,0,0,0,0,0,0.0,0.0,0.0,0.0,0.0,0.0,491,576
95,2558,03,ปปส.ภาค 3,36,ชัยภูมิ,2567,2692,0,0,0,0,0,0,0,0,0,0,0.0,0.0,0.0,0.0,0.0,0.0,698,809
96,2558,03,ปปส.ภาค 3,30,นครราชสีมา,6087,6333,0,0,0,0,0,0,0,0,0,0,0.0,0.0,0.0,0.0,0.0,0.0,1258,1463
97,2558,03,ปปส.ภาค 3,31,บุรีรัมย์,2102,2308,0,0,0,0,0,0,0,0,0,0,0.0,0.0,0.0,0.0,0.0,0.0,522,686
98,2558,03,ปปส.ภาค 3,35,ยโสธร,2374,2466,0,0,0,0,0,0,0,0,0,0,0.0,0.0,0.0,0.0,0.0,0.0,424,499
99,2558,03,ปปส.ภาค 3,33,ศรีสะเกษ,3635,3792,0,0,0,0,0,0,0,0,0,0,0.0,0.0,0.0,0.0,0.0,0.0,735,863
100,2558,03,ปปส.ภาค 3,32,สุรินทร์,2129,2352,0,0,0,0,0,0,0,0,0,0,0.0,0.0,0.0,0.0,0.0,0.0,496,683
101,2558,03,ปปส.ภาค 3,37,อำนาจเจริญ,2557,2633,0,0,0,0,0,0,0,0,0,0,0.0,0.0,0.0,0.0,0.0,0.0,342,403
102,2558,03,ปปส.ภาค 3,34,อุบลราชธานี,7857,8122,0,0,0,0,0,0,0,0,0,0,0.0,0.0,0.0,0.0,0.0,0.0,1610,1828
103,2558,04,ปปส.ภาค 4,46,กาฬสินธุ์,2635,2823,0,0,0,0,0,0,0,0,0,0,0.0,0.0,0.0,0.0,0.0,0.0,1058,1197
104,2558,04,ปปส.ภาค 4,40,ขอนแก่น,5527,5724,0,0,0,0,0,0,0,0,0,0,0.0,0.0,0.0,0.0,0.0,0.0,1175,1344
105,2558,04,ปปส.ภาค 4,48,นครพนม,2991,3128,0,0,0,0,0,0,0,0,0,0,0.0,0.0,0.0,0.0,0.0,0.0,475,603
106,2558,04,ปปส.ภาค 4,38,บึงกาฬ,2011,2092,0,0,0,0,0,0,0,0,0,0,0.0,0.0,0.0,0.0,0.0,0.0,314,378
107,2558,04,ปปส.ภาค 4,44,มหาสารคาม,1735,1781,0,0,0,0,0,0,0,0,0,0,0.0,0.0,0.0,0.0,0.0,0.0,534,571
108,2558,04,ปปส.ภาค 4,49,มุกดาหาร,2343,2449,0,0,0,0,0,0,0,0,0,0,0.0,0.0,0.0,0.0,0.0,0.0,263,349
109,2558,04,ปปส.ภาค 4,45,ร้อยเอ็ด,3955,4080,0,0,0,0,0,0,0,0,0,0,0.0,0.0,0.0,0.0,0.0,0.0,742,839
110,2558,04,ปปส.ภาค 4,42,เลย,3261,3364,0,0,0,0,0,0,0,0,0,0,0.0,0.0,0.0,0.0,0.0,0.0,459,540
111,2558,04,ปปส.ภาค 4,47,สกลนคร,2562,2785,0,0,0,0,0,0,0,0,0,0,0.0,0.0,0.0,0.0,0.0,0.0,730,894
112,2558,04,ปปส.ภาค 4,43,หนองคาย,1632,1711,0,0,0,0,0,0,0,0,0,0,0.0,0.0,0.0,0.0,0.0,0.0,305,374
113,2558,04,ปปส.ภาค 4,39,หนองบัวลำภู,1150,1200,0,0,0,0,0,0,0,0,0,0,0.0,0.0,0.0,0.0,0.0,0.0,246,282
114,2558,04,ปปส.ภาค 4,41,อุดรธานี,3370,3525,0,0,0,0,0,0,0,0,0,0,0.0,0.0,0.0,0.0,0.0,0.0,861,979
115,2558,05,ปปส.ภาค 5,57,เชียงราย,4805,5007,0,0,0,0,0,0,0,0,0,0,0.0,0.0,0.0,0.0,0.0,0.0,802,987
116,2558,05,ปปส.ภาค 5,50,เชียงใหม่,6339,6665,0,0,0,0,0,0,0,0,0,0,0.0,0.0,0.0,0.0,0.0,0.0,1433,1692
117,2558,05,ปปส.ภาค 5,55,น่าน,1993,2117,0,0,0,0,0,0,0,0,0,0,0.0,0.0,0.0,0.0,0.0,0.0,326,412
118,2558,05,ปปส.ภาค 5,56,พะเยา,1265,1328,0,0,0,0,0,0,0,0,0,0,0.0,0.0,0.0,0.0,0.0,0.0,229,274
119,2558,05,ปปส.ภาค 5,54,แพร่,1967,2110,0,0,0,0,0,0,0,0,0,0,0.0,0.0,0.0,0.0,0.0,0.0,346,451
120,2558,05,ปปส.ภาค 5,58,แม่ฮ่องสอน,480,492,0,0,0,0,0,0,0,0,0,0,0.0,0.0,0.0,0.0,0.0,0.0,55,63
121,2558,05,ปปส.ภาค 5,52,ลำปาง,1997,2187,0,0,0,0,0,0,0,0,0,0,0.0,0.0,0.0,0.0,0.0,0.0,596,745
122,2558,05,ปปส.ภาค 5,51,ลำพูน,1233,1313,0,0,0,0,0,0,0,0,0,0,0.0,0.0,0.0,0.0,0.0,0.0,432,490
123,2558,06,ปปส.ภาค 6,62,กำแพงเพชร,2240,2360,0,0,0,0,0,0,0,0,0,0,0.0,0.0,0.0,0.0,0.0,0.0,724,832
124,2558,06,ปปส.ภาค 6,63,ตาก,1709,1787,0,0,0,0,0,0,0,0,0,0,0.0,0.0,0.0,0.0,0.0,0.0,352,407
125,2558,06,ปปส.ภาค 6,60,นครสวรรค์,2409,2590,0,0,0,0,0,0,0,0,0,0,0.0,0.0,0.0,0.0,0.0,0.0,855,985
126,2558,06,ปปส.ภาค 6,66,พิจิตร,1590,1685,0,0,0,0,0,0,0,0,0,0,0.0,0.0,0.0,0.0,0.0,0.0,450,534
127,2558,06,ปปส.ภาค 6,65,พิษณุโลก,2174,2351,0,0,0,0,0,0,0,0,0,0,0.0,0.0,0.0,0.0,0.0,0.0,727,870
128,2558,06,ปปส.ภาค 6,67,เพชรบูรณ์,2181,2369,0,0,0,0,0,0,0,0,0,0,0.0,0.0,0.0,0.0,0.0,0.0,612,753
129,2558,06,ปปส.ภาค 6,64,สุโขทัย,1115,1217,0,0,0,0,0,0,0,0,0,0,0.0,0.0,0.0,0.0,0.0,0.0,351,421
130,2558,06,ปปส.ภาค 6,53,อุตรดิตถ์,1196,1290,0,0,0,0,0,0,0,0,0,0,0.0,0.0,0.0,0.0,0.0,0.0,346,426
131,2558,06,ปปส.ภาค 6,61,อุทัยธานี,790,827,0,0,0,0,0,0,0,0,0,0,0.0,0.0,0.0,0.0,0.0,0.0,212,246
132,2558,07,ปปส.ภาค 7,71,กาญจนบุรี,2634,2742,0,0,0,0,0,0,0,0,0,0,0.0,0.0,0.0,0.0,0.0,0.0,820,917
133,2558,07,ปปส.ภาค 7,73,นครปฐม,3070,3165,0,0,0,0,0,0,0,0,0,0,0.0,0.0,0.0,0.0,0.0,0.0,1023,1098
134,2558,07,ปปส.ภาค 7,77,ประจวบคีรีขันธ์,2220,2413,0,0,0,0,0,0,0,0,0,0,0.0,0.0,0.0,0.0,0.0,0.0,1101,1250
135,2558,07,ปปส.ภาค 7,76,เพชรบุรี,1731,1873,0,0,0,0,0,0,0,0,0,0,0.0,0.0,0.0,0.0,0.0,0.0,621,742
136,2558,07,ปปส.ภาค 7,70,ราชบุรี,3606,3695,0,0,0,0,0,0,0,0,0,0,0.0,0.0,0.0,0.0,0.0,0.0,919,992
137,2558,07,ปปส.ภาค 7,75,สมุทรสงคราม,454,482,0,0,0,0,0,0,0,0,0,0,0.0,0.0,0.0,0.0,0.0,0.0,163,187
138,2558,07,ปปส.ภาค 7,74,สมุทรสาคร,2752,2782,0,0,0,0,0,0,0,0,0,0,0.0,0.0,0.0,0.0,0.0,0.0,795,816
139,2558,07,ปปส.ภาค 7,72,สุพรรณบุรี,2505,2608,0,0,0,0,0,0,0,0,0,0,0.0,0.0,0.0,0.0,0.0,0.0,858,954
140,2558,08,ปปส.ภาค 8,81,กระบี่,3343,4032,0,0,0,0,0,0,0,0,0,0,0.0,0.0,0.0,0.0,0.0,0.0,1187,1650
141,2558,08,ปปส.ภาค 8,86,ชุมพร,3537,4147,0,0,0,0,0,0,0,0,0,0,0.0,0.0,0.0,0.0,0.0,0.0,901,1236
142,2558,08,ปปส.ภาค 8,80,นครศรีธรรมราช,10655,12432,0,0,0,0,0,0,0,0,0,0,0.0,0.0,0.0,0.0,0.0,0.0,3545,4675
143,2558,08,ปปส.ภาค 8,82,พังงา,1344,1567,0,0,0,0,0,0,0,0,0,0,0.0,0.0,0.0,0.0,0.0,0.0,626,759
144,2558,08,ปปส.ภาค 8,83,ภูเก็ต,4943,5788,0,0,0,0,0,0,0,0,0,0,0.0,0.0,0.0,0.0,0.0,0.0,1765,2231
145,2558,08,ปปส.ภาค 8,85,ระนอง,1872,1931,0,0,0,0,0,0,0,0,0,0,0.0,0.0,0.0,0.0,0.0,0.0,621,665
146,2558,08,ปปส.ภาค 8,84,สุราษฎร์ธานี,8974,10795,0,0,0,0,0,0,0,0,0,0,0.0,0.0,0.0,0.0,0.0,0.0,2636,3619
147,2558,09,ปปส.ภาค 9,92,ตรัง,3865,4288,0,0,0,0,0,0,0,0,0,0,0.0,0.0,0.0,0.0,0.0,0.0,915,1210
148,2558,09,ปปส.ภาค 9,96,นราธิวาส,3046,3329,0,0,0,0,0,0,0,0,0,0,0.0,0.0,0.0,0.0,0.0,0.0,744,884
149,2558,09,ปปส.ภาค 9,94,ปัตตานี,3466,3889,0,0,0,0,0,0,0,0,0,0,0.0,0.0,0.0,0.0,0.0,0.0,886,1098
150,2558,09,ปปส.ภาค 9,93,พัทลุง,2645,3260,0,0,0,0,0,0,0,0,0,0,0.0,0.0,0.0,0.0,0.0,0.0,840,1205
151,2558,09,ปปส.ภาค 9,95,ยะลา,2471,2705,0,0,0,0,0,0,0,0,0,0,0.0,0.0,0.0,0.0,0.0,0.0,537,667
152,2558,09,ปปส.ภาค 9,90,สงขลา,7799,9831,0,0,0,0,0,0,0,0,0,0,0.0,0.0,0.0,0.0,0.0,0.0,2443,3365
153,2558,09,ปปส.ภาค 9,91,สตูล,2577,2938,0,0,0,0,0,0,0,0,0,0,0.0,0.0,0.0,0.0,0.0,0.0,458,627
154,2559,10,กรุงเทพมหานคร,10,กรุงเทพมหานคร,0,0,12827,13454,10080,10999,5786,6418,1017,1186,594,1158,5.0,12.0,5.0,10.0,6.0,18.0,7407,8784
155,2559,01,ปปส.ภาค 1,18,ชัยนาท,0,0,0,0,0,0,0,0,0,0,0,0,0.0,0.0,0.0,0.0,0.0,0.0,0,0
156,2559,01,ปปส.ภาค 1,12,นนทบุรี,0,0,0,0,0,0,0,0,0,0,0,0,0.0,0.0,0.0,0.0,0.0,0.0,0,0
157,2559,01,ปปส.ภาค 1,13,ปทุมธานี,0,0,0,0,0,0,0,0,0,0,0,0,0.0,0.0,0.0,0.0,0.0,0.0,0,0
158,2559,01,ปปส.ภาค 1,14,พระนครศรีอยุธยา,0,0,0,0,0,0,0,0,0,0,0,0,0.0,0.0,0.0,0.0,0.0,0.0,0,0
159,2559,01,ปปส.ภาค 1,16,ลพบุรี,0,0,0,0,0,0,0,0,0,0,0,0,0.0,0.0,0.0,0.0,0.0,0.0,0,0
160,2559,01,ปปส.ภาค 1,11,สมุทรปราการ,0,0,0,0,0,0,0,0,0,0,0,0,0.0,0.0,0.0,0.0,0.0,0.0,0,0
161,2559,01,ปปส.ภาค 1,19,สระบุรี,0,0,0,0,0,0,0,0,0,0,0,0,0.0,0.0,0.0,0.0,0.0,0.0,0,0
162,2559,01,ปปส.ภาค 1,17,สิงห์บุรี,0,0,0,0,0,0,0,0,0,0,0,0,0.0,0.0,0.0,0.0,0.0,0.0,0,0
163,2559,01,ปปส.ภาค 1,15,อ่างทอง,0,0,0,0,0,0,0,0,0,0,0,0,0.0,0.0,0.0,0.0,0.0,0.0,0,0
164,2559,02,ปปส.ภาค 2,22,จันทบุรี,0,0,0,0,0,0,0,0,0,0,0,0,0.0,0.0,0.0,0.0,0.0,0.0,0,0
165,2559,02,ปปส.ภาค 2,24,ฉะเชิงเทรา,0,0,0,0,0,0,0,0,0,0,0,0,0.0,0.0,0.0,0.0,0.0,0.0,0,0
166,2559,02,ปปส.ภาค 2,20,ชลบุรี,0,0,0,0,0,0,0,0,0,0,0,0,0.0,0.0,0.0,0.0,0.0,0.0,0,0
167,2559,02,ปปส.ภาค 2,23,ตราด,0,0,0,0,0,0,0,0,0,0,0,0,0.0,0.0,0.0,0.0,0.0,0.0,0,0
168,2559,02,ปปส.ภาค 2,26,นครนายก,0,0,0,0,0,0,0,0,0,0,0,0,0.0,0.0,0.0,0.0,0.0,0.0,0,0
169,2559,02,ปปส.ภาค 2,25,ปราจีนบุรี,0,0,0,0,0,0,0,0,0,0,0,0,0.0,0.0,0.0,0.0,0.0,0.0,0,0
170,2559,02,ปปส.ภาค 2,21,ระยอง,0,0,0,0,0,0,0,0,0,0,0,0,0.0,0.0,0.0,0.0,0.0,0.0,0,0
171,2559,02,ปปส.ภาค 2,27,สระแก้ว,0,0,0,0,0,0,0,0,0,0,0,0,0.0,0.0,0.0,0.0,0.0,0.0,0,0
172,2559,03,ปปส.ภาค 3,36,ชัยภูมิ,0,0,0,0,0,0,0,0,0,0,0,0,0.0,0.0,0.0,0.0,0.0,0.0,0,0
173,2559,03,ปปส.ภาค 3,30,นครราชสีมา,0,0,0,0,0,0,0,0,0,0,0,0,0.0,0.0,0.0,0.0,0.0,0.0,0,0
174,2559,03,ปปส.ภาค 3,31,บุรีรัมย์,0,0,0,0,0,0,0,0,0,0,0,0,0.0,0.0,0.0,0.0,0.0,0.0,0,0
175,2559,03,ปปส.ภาค 3,35,ยโสธร,0,0,0,0,0,0,0,0,0,0,0,0,0.0,0.0,0.0,0.0,0.0,0.0,0,0
176,2559,03,ปปส.ภาค 3,33,ศรีสะเกษ,0,0,0,0,0,0,0,0,0,0,0,0,0.0,0.0,0.0,0.0,0.0,0.0,0,0
177,2559,03,ปปส.ภาค 3,32,สุรินทร์,0,0,0,0,0,0,0,0,0,0,0,0,0.0,0.0,0.0,0.0,0.0,0.0,0,0
178,2559,03,ปปส.ภาค 3,37,อำนาจเจริญ,0,0,0,0,0,0,0,0,0,0,0,0,0.0,0.0,0.0,0.0,0.0,0.0,0,0
179,2559,03,ปปส.ภาค 3,34,อุบลราชธานี,0,0,0,0,0,0,0,0,0,0,0,0,0.0,0.0,0.0,0.0,0.0,0.0,0,0
180,2559,04,ปปส.ภาค 4,46,กาฬสินธุ์,0,0,0,0,0,0,0,0,0,0,0,0,0.0,0.0,0.0,0.0,0.0,0.0,0,0
181,2559,04,ปปส.ภาค 4,40,ขอนแก่น,0,0,0,0,0,0,0,0,0,0,0,0,0.0,0.0,0.0,0.0,0.0,0.0,0,0
182,2559,04,ปปส.ภาค 4,48,นครพนม,0,0,0,0,0,0,0,0,0,0,0,0,0.0,0.0,0.0,0.0,0.0,0.0,0,0
183,2559,04,ปปส.ภาค 4,38,บึงกาฬ,0,0,0,0,0,0,0,0,0,0,0,0,0.0,0.0,0.0,0.0,0.0,0.0,0,0
184,2559,04,ปปส.ภาค 4,44,มหาสารคาม,0,0,0,0,0,0,0,0,0,0,0,0,0.0,0.0,0.0,0.0,0.0,0.0,0,0
185,2559,04,ปปส.ภาค 4,49,มุกดาหาร,0,0,0,0,0,0,0,0,0,0,0,0,0.0,0.0,0.0,0.0,0.0,0.0,0,0
186,2559,04,ปปส.ภาค 4,45,ร้อยเอ็ด,0,0,0,0,0,0,0,0,0,0,0,0,0.0,0.0,0.0,0.0,0.0,0.0,0,0
187,2559,04,ปปส.ภาค 4,42,เลย,0,0,0,0,0,0,0,0,0,0,0,0,0.0,0.0,0.0,0.0,0.0,0.0,0,0
188,2559,04,ปปส.ภาค 4,47,สกลนคร,0,0,0,0,0,0,0,0,0,0,0,0,0.0,0.0,0.0,0.0,0.0,0.0,0,0
189,2559,04,ปปส.ภาค 4,43,หนองคาย,0,0,0,0,0,0,0,0,0,0,0,0,0.0,0.0,0.0,0.0,0.0,0.0,0,0
190,2559,04,ปปส.ภาค 4,39,หนองบัวลำภู,0,0,0,0,0,0,0,0,0,0,0,0,0.0,0.0,0.0,0.0,0.0,0.0,0,0
191,2559,04,ปปส.ภาค 4,41,อุดรธานี,0,0,0,0,0,0,0,0,0,0,0,0,0.0,0.0,0.0,0.0,0.0,0.0,0,0
192,2559,05,ปปส.ภาค 5,57,เชียงราย,0,0,0,0,0,0,0,0,0,0,0,0,0.0,0.0,0.0,0.0,0.0,0.0,0,0
193,2559,05,ปปส.ภาค 5,50,เชียงใหม่,0,0,0,0,0,0,0,0,0,0,0,0,0.0,0.0,0.0,0.0,0.0,0.0,0,0
194,2559,05,ปปส.ภาค 5,55,น่าน,0,0,0,0,0,0,0,0,0,0,0,0,0.0,0.0,0.0,0.0,0.0,0.0,0,0
195,2559,05,ปปส.ภาค 5,56,พะเยา,0,0,0,0,0,0,0,0,0,0,0,0,0.0,0.0,0.0,0.0,0.0,0.0,0,0
196,2559,05,ปปส.ภาค 5,54,แพร่,0,0,0,0,0,0,0,0,0,0,0,0,0.0,0.0,0.0,0.0,0.0,0.0,0,0
197,2559,05,ปปส.ภาค 5,58,แม่ฮ่องสอน,0,0,0,0,0,0,0,0,0,0,0,0,0.0,0.0,0.0,0.0,0.0,0.0,0,0
198,2559,05,ปปส.ภาค 5,52,ลำปาง,0,0,0,0,0,0,0,0,0,0,0,0,0.0,0.0,0.0,0.0,0.0,0.0,0,0
199,2559,05,ปปส.ภาค 5,51,ลำพูน,0,0,0,0,0,0,0,0,0,0,0,0,0.0,0.0,0.0,0.0,0.0,0.0,0,0
200,2559,06,ปปส.ภาค 6,62,กำแพงเพชร,0,0,0,0,0,0,0,0,0,0,0,0,0.0,0.0,0.0,0.0,0.0,0.0,0,0
201,2559,06,ปปส.ภาค 6,63,ตาก,0,0,0,0,0,0,0,0,0,0,0,0,0.0,0.0,0.0,0.0,0.0,0.0,0,0
202,2559,06,ปปส.ภาค 6,60,นครสวรรค์,0,0,0,0,0,0,0,0,0,0,0,0,0.0,0.0,0.0,0.0,0.0,0.0,0,0
203,2559,06,ปปส.ภาค 6,66,พิจิตร,0,0,0,0,0,0,0,0,0,0,0,0,0.0,0.0,0.0,0.0,0.0,0.0,0,0
204,2559,06,ปปส.ภาค 6,65,พิษณุโลก,0,0,0,0,0,0,0,0,0,0,0,0,0.0,0.0,0.0,0.0,0.0,0.0,0,0
205,2559,06,ปปส.ภาค 6,67,เพชรบูรณ์,0,0,0,0,0,0,0,0,0,0,0,0,0.0,0.0,0.0,0.0,0.0,0.0,0,0
206,2559,06,ปปส.ภาค 6,64,สุโขทัย,0,0,0,0,0,0,0,0,0,0,0,0,0.0,0.0,0.0,0.0,0.0,0.0,0,0
207,2559,06,ปปส.ภาค 6,53,อุตรดิตถ์,0,0,0,0,0,0,0,0,0,0,0,0,0.0,0.0,0.0,0.0,0.0,0.0,0,0
208,2559,06,ปปส.ภาค 6,61,อุทัยธานี,0,0,0,0,0,0,0,0,0,0,0,0,0.0,0.0,0.0,0.0,0.0,0.0,0,0
209,2559,07,ปปส.ภาค 7,71,กาญจนบุรี,0,0,0,0,0,0,0,0,0,0,0,0,0.0,0.0,0.0,0.0,0.0,0.0,0,0
210,2559,07,ปปส.ภาค 7,73,นครปฐม,0,0,0,0,0,0,0,0,0,0,0,0,0.0,0.0,0.0,0.0,0.0,0.0,0,0
211,2559,07,ปปส.ภาค 7,77,ประจวบคีรีขันธ์,0,0,0,0,0,0,0,0,0,0,0,0,0.0,0.0,0.0,0.0,0.0,0.0,0,0
212,2559,07,ปปส.ภาค 7,76,เพชรบุรี,0,0,0,0,0,0,0,0,0,0,0,0,0.0,0.0,0.0,0.0,0.0,0.0,0,0
213,2559,07,ปปส.ภาค 7,70,ราชบุรี,0,0,0,0,0,0,0,0,0,0,0,0,0.0,0.0,0.0,0.0,0.0,0.0,0,0
214,2559,07,ปปส.ภาค 7,75,สมุทรสงคราม,0,0,0,0,0,0,0,0,0,0,0,0,0.0,0.0,0.0,0.0,0.0,0.0,0,0
215,2559,07,ปปส.ภาค 7,74,สมุทรสาคร,0,0,0,0,0,0,0,0,0,0,0,0,0.0,0.0,0.0,0.0,0.0,0.0,0,0
216,2559,07,ปปส.ภาค 7,72,สุพรรณบุรี,0,0,0,0,0,0,0,0,0,0,0,0,0.0,0.0,0.0,0.0,0.0,0.0,0,0
217,2559,08,ปปส.ภาค 8,81,กระบี่,0,0,0,0,0,0,0,0,0,0,0,0,0.0,0.0,0.0,0.0,0.0,0.0,0,0
218,2559,08,ปปส.ภาค 8,86,ชุมพร,0,0,0,0,0,0,0,0,0,0,0,0,0.0,0.0,0.0,0.0,0.0,0.0,0,0
219,2559,08,ปปส.ภาค 8,80,นครศรีธรรมราช,0,0,0,0,0,0,0,0,0,0,0,0,0.0,0.0,0.0,0.0,0.0,0.0,0,0
220,2559,08,ปปส.ภาค 8,82,พังงา,0,0,0,0,0,0,0,0,0,0,0,0,0.0,0.0,0.0,0.0,0.0,0.0,0,0
221,2559,08,ปปส.ภาค 8,83,ภูเก็ต,0,0,0,0,0,0,0,0,0,0,0,0,0.0,0.0,0.0,0.0,0.0,0.0,0,0
222,2559,08,ปปส.ภาค 8,85,ระนอง,0,0,0,0,0,0,0,0,0,0,0,0,0.0,0.0,0.0,0.0,0.0,0.0,0,0
223,2559,08,ปปส.ภาค 8,84,สุราษฎร์ธานี,0,0,0,0,0,0,0,0,0,0,0,0,0.0,0.0,0.0,0.0,0.0,0.0,0,0
224,2559,09,ปปส.ภาค 9,92,ตรัง,0,0,0,0,0,0,0,0,0,0,0,0,0.0,0.0,0.0,0.0,0.0,0.0,0,0
225,2559,09,ปปส.ภาค 9,96,นราธิวาส,0,0,0,0,0,0,0,0,0,0,0,0,0.0,0.0,0.0,0.0,0.0,0.0,0,0
226,2559,09,ปปส.ภาค 9,94,ปัตตานี,0,0,0,0,0,0,0,0,0,0,0,0,0.0,0.0,0.0,0.0,0.0,0.0,0,0
227,2559,09,ปปส.ภาค 9,93,พัทลุง,0,0,0,0,0,0,0,0,0,0,0,0,0.0,0.0,0.0,0.0,0.0,0.0,0,0
228,2559,09,ปปส.ภาค 9,95,ยะลา,0,0,0,0,0,0,0,0,0,0,0,0,0.0,0.0,0.0,0.0,0.0,0.0,0,0
229,2559,09,ปปส.ภาค 9,90,สงขลา,0,0,0,0,0,0,0,0,0,0,0,0,0.0,0.0,0.0,0.0,0.0,0.0,0,0
230,2559,09,ปปส.ภาค 9,91,สตูล,0,0,0,0,0,0,0,0,0,0,0,0,0.0,0.0,0.0,0.0,0.0,0.0,0,0
231,2560,10,กรุงเทพมหานคร,10,กรุงเทพมหานคร,28762,31340,11871,12371,9224,9997,6374,7129,950,1084,316,709,0.0,0.0,2.0,2.0,10.0,28.0,7642,7642
232,2560,01,ปปส.ภาค 1,18,ชัยนาท,729,807,200,202,137,144,175,200,210,254,5,5,0.0,0.0,0.0,0.0,2.0,2.0,390,390
233,2560,01,ปปส.ภาค 1,12,นนทบุรี,3562,3786,553,556,1808,1858,1067,1192,118,147,11,17,1.0,1.0,0.0,0.0,4.0,15.0,1197,1197
234,2560,01,ปปส.ภาค 1,13,ปทุมธานี,3656,3994,450,475,1694,1772,1346,1527,83,92,62,96,0.0,0.0,0.0,0.0,4.0,15.0,1491,1491
235,2560,01,ปปส.ภาค 1,14,พระนครศรีอยุธยา,2893,3331,378,410,1267,1394,1071,1311,164,193,8,9,0.0,0.0,0.0,0.0,4.0,12.0,1243,1243
236,2560,01,ปปส.ภาค 1,16,ลพบุรี,2835,3039,727,746,964,992,873,973,261,314,3,3,0.0,0.0,0.0,0.0,6.0,10.0,1137,1137
237,2560,01,ปปส.ภาค 1,11,สมุทรปราการ,6121,6335,820,828,3348,3402,1723,1834,201,221,22,26,0.0,1.0,0.0,0.0,5.0,21.0,1946,1946
238,2560,01,ปปส.ภาค 1,19,สระบุรี,2058,2232,69,71,1264,1326,655,752,58,70,10,10,1.0,2.0,0.0,0.0,0.0,0.0,724,724
239,2560,01,ปปส.ภาค 1,17,สิงห์บุรี,753,821,127,135,221,229,358,402,41,48,5,5,0.0,0.0,0.0,0.0,1.0,2.0,404,404
240,2560,01,ปปส.ภาค 1,15,อ่างทอง,748,866,208,228,204,229,276,334,51,64,8,10,0.0,0.0,0.0,0.0,1.0,1.0,335,335
241,2560,02,ปปส.ภาค 2,22,จันทบุรี,1952,2069,1031,1055,380,394,428,495,87,97,23,23,2.0,2.0,0.0,0.0,1.0,3.0,540,540
242,2560,02,ปปส.ภาค 2,24,ฉะเชิงเทรา,4568,4754,2534,2579,1096,1135,672,740,226,256,37,38,0.0,0.0,0.0,0.0,1.0,4.0,935,935
243,2560,02,ปปส.ภาค 2,20,ชลบุรี,8403,8887,4180,4313,1807,1860,2065,2331,332,362,12,12,1.0,1.0,1.0,2.0,3.0,4.0,2411,2411
244,2560,02,ปปส.ภาค 2,23,ตราด,712,774,313,316,185,204,138,161,53,68,19,20,1.0,2.0,0.0,0.0,1.0,1.0,211,211
245,2560,02,ปปส.ภาค 2,26,นครนายก,2146,2238,1250,1264,500,522,347,393,34,41,11,11,0.0,0.0,0.0,0.0,4.0,7.0,392,392
246,2560,02,ปปส.ภาค 2,25,ปราจีนบุรี,3150,3247,1737,1741,753,766,604,677,52,59,2,2,0.0,0.0,0.0,0.0,1.0,1.0,658,658
247,2560,02,ปปส.ภาค 2,21,ระยอง,6688,6885,3636,3655,1701,1727,1029,1138,301,338,17,17,0.0,0.0,0.0,0.0,1.0,3.0,1347,1347
248,2560,02,ปปส.ภาค 2,27,สระแก้ว,2591,2713,1626,1640,441,463,351,409,162,187,10,10,0.0,0.0,0.0,0.0,1.0,4.0,523,523
249,2560,03,ปปส.ภาค 3,36,ชัยภูมิ,3136,3303,1202,1213,845,875,790,884,245,261,43,46,1.0,1.0,0.0,0.0,8.0,21.0,1079,1079
250,2560,03,ปปส.ภาค 3,30,นครราชสีมา,4894,5259,1623,1650,1604,1661,1237,1430,372,453,52,56,0.0,0.0,0.0,0.0,3.0,6.0,1661,1661
251,2560,03,ปปส.ภาค 3,31,บุรีรัมย์,2411,2654,1265,1277,416,453,498,621,212,279,19,19,0.0,0.0,0.0,0.0,1.0,1.0,729,729
252,2560,03,ปปส.ภาค 3,35,ยโสธร,2312,2443,1437,1468,320,333,266,301,254,286,19,22,0.0,0.0,0.0,0.0,16.0,33.0,539,539
253,2560,03,ปปส.ภาค 3,33,ศรีสะเกษ,3998,4159,2353,2373,764,805,580,645,268,302,30,30,0.0,0.0,0.0,0.0,0.0,0.0,878,878
254,2560,03,ปปส.ภาค 3,32,สุรินทร์,2187,2473,1309,1326,192,214,352,470,287,404,29,30,10.0,13.0,0.0,0.0,7.0,15.0,678,678
255,2560,03,ปปส.ภาค 3,37,อำนาจเจริญ,2500,2578,1734,1749,293,300,241,274,211,226,14,14,2.0,2.0,0.0,0.0,4.0,12.0,468,468
256,2560,03,ปปส.ภาค 3,34,อุบลราชธานี,7200,7575,4393,4477,1041,1091,972,1147,745,808,30,30,8.0,10.0,2.0,2.0,2.0,3.0,1757,1757
257,2560,04,ปปส.ภาค 4,46,กาฬสินธุ์,2613,2863,482,496,932,999,971,1113,178,201,38,38,0.0,0.0,0.0,0.0,5.0,8.0,1187,1187
258,2560,04,ปปส.ภาค 4,40,ขอนแก่น,5209,5495,2441,2490,1459,1530,1022,1151,268,305,16,16,0.0,0.0,0.0,0.0,0.0,0.0,1306,1306
259,2560,04,ปปส.ภาค 4,48,นครพนม,2167,2372,1105,1116,401,437,545,671,99,127,12,12,4.0,6.0,0.0,0.0,1.0,3.0,660,660
260,2560,04,ปปส.ภาค 4,38,บึงกาฬ,2071,2243,900,905,566,600,574,703,10,12,18,18,2.0,4.0,0.0,0.0,0.0,0.0,604,604
261,2560,04,ปปส.ภาค 4,44,มหาสารคาม,1946,2043,403,412,849,877,579,622,98,115,14,14,0.0,0.0,0.0,0.0,2.0,2.0,691,691
262,2560,04,ปปส.ภาค 4,49,มุกดาหาร,1944,2087,1179,1222,418,444,286,351,49,55,7,7,5.0,5.0,0.0,0.0,0.0,1.0,347,347
263,2560,04,ปปส.ภาค 4,45,ร้อยเอ็ด,2352,2508,1004,1024,638,674,620,702,75,83,9,9,0.0,0.0,0.0,0.0,3.0,9.0,704,704
264,2560,04,ปปส.ภาค 4,42,เลย,2006,2208,690,706,730,789,514,621,52,69,17,18,2.0,3.0,0.0,0.0,0.0,0.0,585,585
265,2560,04,ปปส.ภาค 4,47,สกลนคร,1861,2048,468,478,614,639,474,565,272,329,29,32,0.0,0.0,0.0,0.0,0.0,1.0,775,775
266,2560,04,ปปส.ภาค 4,43,หนองคาย,2653,2782,1589,1598,560,575,436,527,37,45,8,8,23.0,28.0,0.0,0.0,0.0,0.0,504,504
267,2560,04,ปปส.ภาค 4,39,หนองบัวลำภู,553,628,34,38,250,269,222,268,36,41,11,12,0.0,0.0,0.0,0.0,0.0,0.0,269,269
268,2560,04,ปปส.ภาค 4,41,อุดรธานี,2876,3087,524,527,976,1020,1194,1333,152,174,26,26,0.0,0.0,0.0,0.0,1.0,4.0,1372,1372
269,2560,05,ปปส.ภาค 5,57,เชียงราย,4150,4692,2293,2389,719,796,840,1128,230,290,48,56,8.0,17.0,0.0,0.0,1.0,5.0,1126,1126
270,2560,05,ปปส.ภาค 5,50,เชียงใหม่,7442,8186,3248,3321,2030,2149,1728,2161,411,523,17,19,0.0,0.0,2.0,2.0,2.0,7.0,2158,2158
271,2560,05,ปปส.ภาค 5,55,น่าน,1411,1549,648,659,336,366,356,438,64,78,6,7,1.0,1.0,0.0,0.0,0.0,0.0,427,427
272,2560,05,ปปส.ภาค 5,56,พะเยา,1564,1775,923,979,258,296,276,365,101,127,5,7,1.0,1.0,0.0,0.0,0.0,0.0,383,383
273,2560,05,ปปส.ภาค 5,54,แพร่,2268,2469,1557,1619,298,326,298,386,92,107,22,28,1.0,1.0,0.0,0.0,0.0,2.0,413,413
274,2560,05,ปปส.ภาค 5,58,แม่ฮ่องสอน,406,458,234,248,102,118,50,60,16,28,4,4,0.0,0.0,0.0,0.0,0.0,0.0,70,70
275,2560,05,ปปส.ภาค 5,52,ลำปาง,2604,2837,1402,1420,480,508,473,604,241,295,6,7,0.0,0.0,0.0,0.0,2.0,3.0,720,720
276,2560,05,ปปส.ภาค 5,51,ลำพูน,1793,1944,972,1024,392,403,332,396,88,106,3,3,1.0,1.0,1.0,1.0,3.0,9.0,425,425
277,2560,06,ปปส.ภาค 6,62,กำแพงเพชร,1433,1621,518,521,274,305,245,285,371,480,21,22,0.0,0.0,0.0,0.0,3.0,7.0,637,637
278,2560,06,ปปส.ภาค 6,63,ตาก,1467,1652,766,767,361,404,188,241,129,156,19,79,3.0,4.0,0.0,0.0,0.0,0.0,339,339
279,2560,06,ปปส.ภาค 6,60,นครสวรรค์,2024,2224,154,159,905,946,696,801,250,297,18,20,0.0,0.0,0.0,0.0,0.0,0.0,964,964
280,2560,06,ปปส.ภาค 6,66,พิจิตร,932,1101,161,180,191,220,337,405,225,275,16,16,0.0,0.0,0.0,0.0,2.0,5.0,578,578
281,2560,06,ปปส.ภาค 6,65,พิษณุโลก,1297,1561,363,375,236,263,353,466,321,426,22,22,0.0,0.0,0.0,0.0,2.0,9.0,696,696
282,2560,06,ปปส.ภาค 6,67,เพชรบูรณ์,2101,2349,710,715,550,594,487,600,334,418,20,22,0.0,0.0,0.0,0.0,0.0,0.0,841,841
283,2560,06,ปปส.ภาค 6,64,สุโขทัย,860,1027,119,124,272,301,254,313,194,263,17,17,0.0,0.0,0.0,0.0,0.0,2.0,465,465
284,2560,06,ปปส.ภาค 6,53,อุตรดิตถ์,1015,1200,183,210,263,278,396,481,159,214,12,14,0.0,0.0,0.0,0.0,0.0,0.0,567,567
285,2560,06,ปปส.ภาค 6,61,อุทัยธานี,596,655,283,285,88,94,128,155,87,110,9,9,0.0,0.0,0.0,0.0,1.0,2.0,224,224
286,2560,07,ปปส.ภาค 7,71,กาญจนบุรี,3575,3848,1370,1412,1191,1254,757,889,239,268,15,16,1.0,3.0,0.0,0.0,2.0,3.0,1012,1012
287,2560,07,ปปส.ภาค 7,73,นครปฐม,3813,4061,1837,1909,847,880,790,878,305,349,21,21,1.0,1.0,0.0,0.0,10.0,21.0,1117,1117
288,2560,07,ปปส.ภาค 7,77,ประจวบคีรีขันธ์,2011,2273,401,424,593,636,514,606,378,441,118,146,1.0,1.0,0.0,0.0,6.0,19.0,1011,1011
289,2560,07,ปปส.ภาค 7,76,เพชรบุรี,1720,1996,686,741,484,520,327,447,196,244,21,28,1.0,1.0,0.0,0.0,4.0,14.0,545,545
290,2560,07,ปปส.ภาค 7,70,ราชบุรี,4495,4593,2287,2300,1118,1133,931,985,140,155,15,15,0.0,0.0,0.0,0.0,1.0,2.0,1086,1086
291,2560,07,ปปส.ภาค 7,75,สมุทรสงคราม,767,831,287,289,230,235,181,213,66,86,1,1,0.0,0.0,0.0,0.0,2.0,7.0,248,248
292,2560,07,ปปส.ภาค 7,74,สมุทรสาคร,1899,1958,188,189,881,890,800,842,24,25,1,1,0.0,0.0,0.0,0.0,5.0,11.0,825,825
293,2560,07,ปปส.ภาค 7,72,สุพรรณบุรี,2880,3089,953,980,943,964,749,856,220,266,11,12,0.0,0.0,0.0,0.0,3.0,10.0,980,980
294,2560,08,ปปส.ภาค 8,81,กระบี่,3657,4103,187,189,2341,2513,705,873,84,96,337,429,1.0,1.0,0.0,0.0,0.0,0.0,1127,1127
295,2560,08,ปปส.ภาค 8,86,ชุมพร,3908,4366,496,532,2579,2803,642,803,32,39,137,159,2.0,2.0,5.0,5.0,1.0,8.0,818,818
296,2560,08,ปปส.ภาค 8,80,นครศรีธรรมราช,10152,11184,2559,2588,4111,4441,1495,1802,87,97,1893,2236,1.0,1.0,0.0,0.0,3.0,16.0,3476,3476
297,2560,08,ปปส.ภาค 8,82,พังงา,1946,2317,216,274,1081,1240,324,412,79,95,241,290,3.0,4.0,0.0,0.0,1.0,1.0,647,647
298,2560,08,ปปส.ภาค 8,83,ภูเก็ต,6279,7456,263,269,4569,5335,963,1103,76,92,404,653,1.0,1.0,1.0,1.0,0.0,0.0,1445,1445
299,2560,08,ปปส.ภาค 8,85,ระนอง,1745,1830,177,178,1029,1063,346,375,36,40,153,166,2.0,3.0,0.0,0.0,1.0,2.0,537,537
300,2560,08,ปปส.ภาค 8,84,สุราษฎร์ธานี,10398,11646,1775,1780,5589,6156,1505,1795,131,173,1396,1728,0.0,0.0,0.0,0.0,2.0,14.0,3032,3032
301,2560,09,ปปส.ภาค 9,92,ตรัง,3555,4055,1014,1020,1271,1437,671,820,52,62,531,690,0.0,0.0,0.0,0.0,16.0,26.0,1254,1254
302,2560,09,ปปส.ภาค 9,96,นราธิวาส,3424,4136,438,488,2012,2371,750,970,93,125,129,179,2.0,2.0,0.0,1.0,0.0,0.0,974,974
303,2560,09,ปปส.ภาค 9,94,ปัตตานี,3360,4218,802,975,1619,1922,583,764,34,47,313,501,2.0,2.0,1.0,1.0,0.0,0.0,933,933
304,2560,09,ปปส.ภาค 9,93,พัทลุง,2420,2976,425,435,1083,1274,419,575,22,26,464,650,0.0,0.0,1.0,1.0,3.0,12.0,906,906
305,2560,09,ปปส.ภาค 9,95,ยะลา,3453,3957,228,240,2454,2731,518,668,68,81,167,209,15.0,25.0,1.0,1.0,0.0,0.0,769,769
306,2560,09,ปปส.ภาค 9,90,สงขลา,9541,11503,1690,1740,4724,5590,1936,2437,79,96,1030,1536,77.0,84.0,0.0,0.0,3.0,12.0,3122,3122
307,2560,09,ปปส.ภาค 9,91,สตูล,3057,3505,786,818,1479,1670,376,451,31,37,349,488,34.0,36.0,0.0,0.0,2.0,4.0,790,790
308,2561,10,กรุงเทพมหานคร,10,กรุงเทพมหานคร,33856,36396,16480,17131,10643,11390,5875,6615,623,743,180,401,1.0,7.0,1.0,1.0,36.0,88.0,6680,6680
309,2561,01,ปปส.ภาค 1,18,ชัยนาท,1060,1135,422,425,211,216,265,300,151,180,6,8,0.0,0.0,0.0,0.0,5.0,6.0,422,422
310,2561,01,ปปส.ภาค 1,12,นนทบุรี,4673,4910,1661,1712,1777,1825,1095,1187,113,133,20,41,0.0,0.0,0.0,0.0,7.0,12.0,1228,1228
311,2561,01,ปปส.ภาค 1,13,ปทุมธานี,5402,5637,1823,1828,1792,1825,1640,1777,68,74,56,90,0.0,0.0,0.0,0.0,6.0,26.0,1764,1764
312,2561,01,ปปส.ภาค 1,14,พระนครศรีอยุธยา,4133,4430,1123,1138,1452,1523,1376,1545,164,201,6,6,0.0,0.0,0.0,0.0,8.0,13.0,1546,1546
313,2561,01,ปปส.ภาค 1,16,ลพบุรี,4655,4894,1850,1878,1364,1400,1191,1317,234,282,13,13,0.0,0.0,0.0,0.0,2.0,3.0,1438,1438
314,2561,01,ปปส.ภาค 1,11,สมุทรปราการ,8662,9006,3015,3029,3514,3570,1964,2171,112,134,36,52,0.0,2.0,2.0,15.0,14.0,26.0,2114,2114
315,2561,01,ปปส.ภาค 1,19,สระบุรี,2840,2929,628,635,1303,1322,861,918,45,50,1,1,0.0,0.0,0.0,0.0,1.0,1.0,907,907
316,2561,01,ปปส.ภาค 1,17,สิงห์บุรี,1027,1094,402,426,224,227,354,390,44,48,1,1,0.0,0.0,0.0,0.0,0.0,0.0,399,399
317,2561,01,ปปส.ภาค 1,15,อ่างทอง,1319,1400,660,664,317,326,275,327,61,77,4,4,0.0,0.0,0.0,0.0,1.0,1.0,340,340
318,2561,02,ปปส.ภาค 2,22,จันทบุรี,2671,2761,1551,1555,545,559,500,561,55,65,15,15,0.0,0.0,0.0,0.0,4.0,5.0,570,570
319,2561,02,ปปส.ภาค 2,24,ฉะเชิงเทรา,4261,4424,2199,2223,1082,1109,790,861,172,204,12,13,0.0,0.0,0.0,0.0,6.0,14.0,974,974
320,2561,02,ปปส.ภาค 2,20,ชลบุรี,11830,12193,7131,7172,2195,2236,2143,2362,339,395,11,11,3.0,3.0,1.0,1.0,6.0,12.0,2497,2497
321,2561,02,ปปส.ภาค 2,23,ตราด,1030,1082,621,625,201,208,139,168,59,67,5,6,0.0,0.0,0.0,0.0,3.0,6.0,203,203
322,2561,02,ปปส.ภาค 2,26,นครนายก,2384,2486,1476,1492,472,489,407,463,16,21,10,16,0.0,0.0,2.0,2.0,1.0,3.0,435,435
323,2561,02,ปปส.ภาค 2,25,ปราจีนบุรี,3487,3572,1982,1987,736,742,719,785,47,53,1,1,0.0,0.0,0.0,0.0,2.0,4.0,767,767
324,2561,02,ปปส.ภาค 2,21,ระยอง,7297,7524,4264,4278,1525,1555,1216,1340,287,341,5,7,0.0,0.0,0.0,0.0,0.0,3.0,1508,1508
325,2561,02,ปปส.ภาค 2,27,สระแก้ว,2684,2810,1668,1694,486,500,413,472,105,126,6,7,1.0,2.0,0.0,0.0,4.0,8.0,525,525
326,2561,03,ปปส.ภาค 3,36,ชัยภูมิ,5530,5814,3225,3289,1160,1193,903,1034,192,225,24,25,0.0,0.0,1.0,1.0,20.0,42.0,1120,1120
327,2561,03,ปปส.ภาค 3,30,นครราชสีมา,8610,8978,4599,4634,2105,2167,1571,1769,293,361,27,27,0.0,0.0,0.0,1.0,14.0,18.0,1891,1891
328,2561,03,ปปส.ภาค 3,31,บุรีรัมย์,4213,4561,2746,2783,595,635,656,825,199,295,15,15,0.0,0.0,0.0,0.0,2.0,8.0,870,870
329,2561,03,ปปส.ภาค 3,35,ยโสธร,2876,3021,1862,1890,356,370,430,505,203,229,23,23,0.0,0.0,0.0,0.0,2.0,4.0,656,656
330,2561,03,ปปส.ภาค 3,33,ศรีสะเกษ,5321,5488,3288,3297,990,1025,815,913,206,231,21,21,0.0,0.0,0.0,0.0,1.0,1.0,1042,1042
331,2561,03,ปปส.ภาค 3,32,สุรินทร์,4398,4706,3170,3196,326,342,554,705,308,417,30,30,1.0,1.0,0.0,0.0,7.0,13.0,893,893
332,2561,03,ปปส.ภาค 3,37,อำนาจเจริญ,2768,2883,2038,2068,307,315,269,314,143,175,11,11,0.0,0.0,0.0,0.0,0.0,0.0,423,423
333,2561,03,ปปส.ภาค 3,34,อุบลราชธานี,9498,9931,6344,6421,1315,1376,1169,1392,628,695,33,34,3.0,6.0,0.0,0.0,1.0,2.0,1833,1833
334,2561,04,ปปส.ภาค 4,46,กาฬสินธุ์,3156,3393,678,681,1072,1133,1250,1407,113,124,34,36,0.0,0.0,0.0,0.0,2.0,5.0,1397,1397
335,2561,04,ปปส.ภาค 4,40,ขอนแก่น,6941,7204,3176,3219,2094,2154,1412,1519,238,287,15,15,0.0,0.0,0.0,0.0,3.0,6.0,1665,1665
336,2561,04,ปปส.ภาค 4,48,นครพนม,1717,1920,705,714,341,377,505,620,151,181,5,5,9.0,21.0,0.0,0.0,1.0,2.0,670,670
337,2561,04,ปปส.ภาค 4,38,บึงกาฬ,2070,2256,824,828,601,638,605,739,22,23,11,12,6.0,12.0,0.0,0.0,1.0,4.0,644,644
338,2561,04,ปปส.ภาค 4,44,มหาสารคาม,2703,2797,751,754,1074,1095,786,845,72,83,20,20,0.0,0.0,0.0,0.0,0.0,0.0,878,878
339,2561,04,ปปส.ภาค 4,49,มุกดาหาร,2723,2835,1897,1909,419,431,339,407,57,72,6,7,3.0,4.0,0.0,0.0,2.0,5.0,405,405
340,2561,04,ปปส.ภาค 4,45,ร้อยเอ็ด,3001,3203,1229,1274,810,858,858,946,81,98,14,14,0.0,0.0,0.0,0.0,6.0,10.0,953,953
341,2561,04,ปปส.ภาค 4,42,เลย,2436,2667,857,867,826,876,675,827,54,69,15,17,6.0,8.0,0.0,0.0,0.0,0.0,750,750
342,2561,04,ปปส.ภาค 4,47,สกลนคร,2032,2232,487,504,569,591,606,720,310,353,57,60,0.0,0.0,0.0,0.0,2.0,3.0,973,973
343,2561,04,ปปส.ภาค 4,43,หนองคาย,3082,3245,1953,1986,617,636,441,537,47,54,3,3,16.0,24.0,0.0,0.0,0.0,0.0,507,507
344,2561,04,ปปส.ภาค 4,39,หนองบัวลำภู,843,928,61,61,365,381,374,438,39,44,3,3,0.0,0.0,0.0,0.0,0.0,0.0,416,416
345,2561,04,ปปส.ภาค 4,41,อุดรธานี,3115,3392,660,681,1033,1083,1287,1473,97,115,32,34,0.0,0.0,0.0,0.0,1.0,1.0,1416,1416
346,2561,05,ปปส.ภาค 5,57,เชียงราย,4945,5688,3083,3269,709,810,882,1229,222,302,37,61,6.0,9.0,0.0,0.0,1.0,3.0,1147,1147
347,2561,05,ปปส.ภาค 5,50,เชียงใหม่,9131,9821,4569,4619,2156,2261,1904,2292,461,597,31,33,2.0,2.0,1.0,1.0,3.0,12.0,2399,2399
348,2561,05,ปปส.ภาค 5,55,น่าน,1881,2085,949,990,402,449,427,516,94,118,6,9,1.0,1.0,0.0,0.0,0.0,0.0,528,528
349,2561,05,ปปส.ภาค 5,56,พะเยา,2028,2320,1252,1378,324,361,344,452,88,103,17,23,0.0,0.0,0.0,0.0,0.0,0.0,449,449
350,2561,05,ปปส.ภาค 5,54,แพร่,2551,2722,1796,1843,327,353,287,354,117,136,20,25,0.0,0.0,0.0,0.0,0.0,7.0,424,424
351,2561,05,ปปส.ภาค 5,58,แม่ฮ่องสอน,436,516,220,230,119,146,72,92,17,25,7,19,0.0,2.0,0.0,0.0,0.0,1.0,96,96
352,2561,05,ปปส.ภาค 5,52,ลำปาง,3543,3787,1982,2001,718,737,603,753,229,284,11,12,0.0,0.0,0.0,0.0,0.0,0.0,843,843
353,2561,05,ปปส.ภาค 5,51,ลำพูน,2578,2765,1273,1329,604,630,551,631,137,160,11,11,0.0,0.0,0.0,0.0,0.0,2.0,699,699
354,2561,06,ปปส.ภาค 6,62,กำแพงเพชร,2494,2749,1255,1269,389,420,346,416,483,616,12,13,0.0,0.0,0.0,1.0,9.0,14.0,841,841
355,2561,06,ปปส.ภาค 6,63,ตาก,2621,2747,1866,1888,392,423,176,209,170,207,14,15,2.0,3.0,0.0,0.0,1.0,2.0,362,362
356,2561,06,ปปส.ภาค 6,60,นครสวรรค์,2483,2693,638,652,902,945,760,873,173,213,10,10,0.0,0.0,0.0,0.0,0.0,0.0,943,943
357,2561,06,ปปส.ภาค 6,66,พิจิตร,2159,2405,1087,1179,387,410,451,528,211,260,18,19,0.0,0.0,0.0,0.0,3.0,7.0,680,680
358,2561,06,ปปส.ภาค 6,65,พิษณุโลก,2457,2935,1088,1206,482,530,428,546,432,569,20,33,0.0,0.0,0.0,0.0,6.0,50.0,880,880
359,2561,06,ปปส.ภาค 6,67,เพชรบูรณ์,3540,3837,1725,1762,770,822,709,832,304,383,26,26,0.0,0.0,0.0,0.0,5.0,11.0,1039,1039
360,2561,06,ปปส.ภาค 6,64,สุโขทัย,1427,1642,415,451,379,405,402,490,216,261,6,6,0.0,0.0,0.0,0.0,6.0,22.0,624,624
361,2561,06,ปปส.ภาค 6,53,อุตรดิตถ์,1807,2189,659,776,417,456,467,589,233,322,23,23,1.0,2.0,0.0,0.0,4.0,18.0,724,724
362,2561,06,ปปส.ภาค 6,61,อุทัยธานี,946,1018,469,475,161,172,211,246,100,120,4,4,0.0,0.0,0.0,0.0,1.0,1.0,315,315
363,2561,07,ปปส.ภาค 7,71,กาญจนบุรี,4732,4937,2203,2227,1391,1433,849,946,264,301,17,19,1.0,1.0,0.0,0.0,5.0,8.0,1131,1131
364,2561,07,ปปส.ภาค 7,73,นครปฐม,4848,5100,2716,2776,920,968,956,1055,230,265,16,23,1.0,1.0,0.0,0.0,4.0,5.0,1203,1203
365,2561,07,ปปส.ภาค 7,77,ประจวบคีรีขันธ์,2562,2768,818,828,701,736,576,647,374,433,83,104,1.0,1.0,0.0,0.0,4.0,11.0,1034,1034
366,2561,07,ปปส.ภาค 7,76,เพชรบุรี,2321,2641,1146,1244,609,665,379,480,174,229,10,18,0.0,0.0,0.0,0.0,3.0,5.0,563,563
367,2561,07,ปปส.ภาค 7,70,ราชบุรี,6389,6504,3847,3862,1360,1390,1076,1135,87,97,13,14,0.0,0.0,0.0,0.0,2.0,2.0,1176,1176
368,2561,07,ปปส.ภาค 7,75,สมุทรสงคราม,870,926,434,442,200,212,171,201,60,66,3,3,0.0,0.0,0.0,0.0,2.0,2.0,234,234
369,2561,07,ปปส.ภาค 7,74,สมุทรสาคร,2165,2241,396,399,932,945,811,854,20,24,5,5,0.0,0.0,0.0,0.0,1.0,14.0,836,836
370,2561,07,ปปส.ภาค 7,72,สุพรรณบุรี,3661,3834,1552,1561,1068,1094,909,1019,123,150,8,9,0.0,0.0,0.0,0.0,1.0,1.0,1040,1040
371,2561,08,ปปส.ภาค 8,81,กระบี่,3998,4478,250,253,2626,2788,884,1143,62,78,174,210,0.0,0.0,0.0,0.0,1.0,5.0,1120,1120
372,2561,08,ปปส.ภาค 8,86,ชุมพร,4400,4764,707,731,2602,2712,955,1162,46,51,82,91,0.0,0.0,0.0,0.0,4.0,13.0,1083,1083
373,2561,08,ปปส.ภาค 8,80,นครศรีธรรมราช,11632,12407,4563,4638,3941,4132,1700,1994,40,46,1383,1577,0.0,0.0,0.0,0.0,3.0,15.0,3123,3123
374,2561,08,ปปส.ภาค 8,82,พังงา,2291,2752,608,772,1097,1219,347,456,47,67,192,230,0.0,0.0,0.0,0.0,0.0,8.0,586,586
375,2561,08,ปปส.ภาค 8,83,ภูเก็ต,6756,7705,806,815,4365,4866,959,1159,141,169,483,692,0.0,0.0,0.0,0.0,1.0,3.0,1583,1583
376,2561,08,ปปส.ภาค 8,85,ระนอง,2259,2374,261,264,1366,1392,462,527,31,33,135,149,2.0,2.0,0.0,0.0,2.0,7.0,630,630
377,2561,08,ปปส.ภาค 8,84,สุราษฎร์ธานี,10741,11912,2469,2488,5312,5726,1743,2174,116,141,1095,1368,0.0,0.0,0.0,0.0,5.0,14.0,2954,2954
378,2561,09,ปปส.ภาค 9,92,ตรัง,3549,3968,1376,1399,1098,1220,653,825,58,70,350,433,0.0,0.0,0.0,0.0,13.0,20.0,1061,1061
379,2561,09,ปปส.ภาค 9,96,นราธิวาส,6197,7051,1865,1990,3082,3463,927,1184,112,132,206,270,1.0,2.0,0.0,0.0,1.0,7.0,1246,1246
380,2561,09,ปปส.ภาค 9,94,ปัตตานี,4125,4609,909,935,2025,2220,808,953,44,51,336,443,0.0,0.0,0.0,0.0,1.0,2.0,1188,1188
381,2561,09,ปปส.ภาค 9,93,พัทลุง,2581,3018,550,575,1132,1268,514,652,27,39,347,466,1.0,1.0,0.0,0.0,10.0,17.0,889,889
382,2561,09,ปปส.ภาค 9,95,ยะลา,3623,4203,324,388,2534,2834,585,739,38,50,138,184,2.0,2.0,0.0,0.0,1.0,3.0,763,763
383,2561,09,ปปส.ภาค 9,90,สงขลา,10936,12510,3583,3617,4695,5357,1832,2334,84,109,706,1025,22.0,25.0,2.0,2.0,12.0,41.0,2646,2646
384,2561,09,ปปส.ภาค 9,91,สตูล,3535,3838,1546,1580,1433,1543,361,445,21,28,138,203,34.0,36.0,0.0,0.0,1.0,1.0,554,554
385,2562,10,กรุงเทพมหานคร,10,กรุงเทพมหานคร,30145,32208,15067,15458,9551,10283,4712,5238,428,500,326,613,0.0,1.0,1.0,1.0,9.0,103.0,5467,6353
386,2562,01,ปปส.ภาค 1,18,ชัยนาท,1579,1636,957,965,240,245,276,306,101,114,4,4,0.0,0.0,0.0,0.0,1.0,2.0,381,424
387,2562,01,ปปส.ภาค 1,12,นนทบุรี,5562,5795,1719,1729,2810,2920,939,1030,72,87,14,18,1.0,1.0,0.0,0.0,1.0,6.0,1026,1136
388,2562,01,ปปส.ภาค 1,13,ปทุมธานี,7232,7419,2994,2998,2871,2917,1217,1296,23,25,122,173,0.0,0.0,0.0,0.0,1.0,6.0,1362,1494
389,2562,01,ปปส.ภาค 1,14,พระนครศรีอยุธยา,5223,5423,2470,2489,1438,1474,1174,1279,124,156,4,4,0.0,0.0,0.0,0.0,1.0,18.0,1302,1439
390,2562,01,ปปส.ภาค 1,16,ลพบุรี,4949,5097,2262,2272,1439,1452,1090,1172,151,187,4,4,0.0,0.0,0.0,0.0,1.0,9.0,1245,1363
391,2562,01,ปปส.ภาค 1,11,สมุทรปราการ,11519,11800,4602,4615,4953,5013,1773,1900,76,84,94,163,0.0,0.0,1.0,1.0,1.0,19.0,1944,2148
392,2562,01,ปปส.ภาค 1,19,สระบุรี,3156,3245,843,850,1462,1481,802,859,36,39,6,6,1.0,1.0,0.0,0.0,1.0,4.0,845,905
393,2562,01,ปปส.ภาค 1,17,สิงห์บุรี,1274,1314,582,585,311,314,345,372,33,39,1,1,0.0,0.0,0.0,0.0,1.0,2.0,379,412
394,2562,01,ปปส.ภาค 1,15,อ่างทอง,1364,1417,657,659,350,355,298,331,56,69,2,2,0.0,0.0,0.0,0.0,1.0,1.0,356,402
395,2562,02,ปปส.ภาค 2,22,จันทบุรี,2892,2975,1759,1766,540,547,524,576,34,43,30,34,0.0,0.0,0.0,0.0,1.0,8.0,588,653
396,2562,02,ปปส.ภาค 2,24,ฉะเชิงเทรา,4480,4615,2438,2448,1092,1116,766,840,132,151,42,48,0.0,0.0,0.0,0.0,1.0,12.0,940,1039
397,2562,02,ปปส.ภาค 2,20,ชลบุรี,12712,13022,8900,8964,1723,1754,1817,1991,248,273,18,24,0.0,0.0,0.0,0.0,1.0,14.0,2083,2288
398,2562,02,ปปส.ภาค 2,23,ตราด,1264,1315,803,804,207,215,172,202,62,68,16,16,0.0,0.0,0.0,0.0,1.0,4.0,250,286
399,2562,02,ปปส.ภาค 2,26,นครนายก,2335,2417,1430,1435,510,523,357,411,20,26,11,11,0.0,0.0,0.0,0.0,1.0,5.0,388,448
400,2562,02,ปปส.ภาค 2,25,ปราจีนบุรี,3050,3143,1741,1749,685,694,584,654,29,32,8,8,0.0,0.0,0.0,0.0,1.0,6.0,621,694
401,2562,02,ปปส.ภาค 2,21,ระยอง,7238,7413,4522,4530,1438,1462,1195,1301,71,97,11,17,0.0,0.0,0.0,0.0,1.0,3.0,1277,1415
402,2562,02,ปปส.ภาค 2,27,สระแก้ว,2790,2937,1790,1825,460,484,434,495,90,114,10,10,1.0,1.0,0.0,0.0,1.0,8.0,535,620
403,2562,03,ปปส.ภาค 3,36,ชัยภูมิ,7334,7503,4507,4524,1303,1323,1127,1220,277,301,92,94,0.0,0.0,0.0,0.0,1.0,27.0,1496,1615
404,2562,03,ปปส.ภาค 3,30,นครราชสีมา,12012,12299,7389,7419,2494,2554,1615,1738,418,482,76,78,0.0,0.0,0.0,0.0,1.0,19.0,2109,2298
405,2562,03,ปปส.ภาค 3,31,บุรีรัมย์,6015,6382,4005,4023,653,685,913,1092,391,525,50,50,0.0,0.0,0.0,0.0,1.0,5.0,1354,1667
406,2562,03,ปปส.ภาค 3,35,ยโสธร,3884,4007,2607,2619,446,456,487,557,289,316,44,46,0.0,0.0,0.0,0.0,1.0,6.0,820,919
407,2562,03,ปปส.ภาค 3,33,ศรีสะเกษ,7280,7508,4560,4584,1132,1162,1176,1307,360,401,47,48,0.0,0.0,0.0,0.0,1.0,1.0,1583,1756
408,2562,03,ปปส.ภาค 3,32,สุรินทร์,5534,5836,4155,4169,358,385,501,637,450,565,47,48,2.0,2.0,0.0,0.0,1.0,25.0,1000,1252
409,2562,03,ปปส.ภาค 3,37,อำนาจเจริญ,3615,3736,2642,2652,351,358,368,445,212,237,35,35,1.0,3.0,0.0,0.0,0.0,0.0,616,720
410,2562,03,ปปส.ภาค 3,34,อุบลราชธานี,12247,12639,8423,8510,1475,1522,1196,1364,1069,1153,77,78,2.0,5.0,0.0,0.0,1.0,3.0,2344,2600
411,2562,04,ปปส.ภาค 4,46,กาฬสินธุ์,3062,3284,806,810,870,905,1275,1435,87,109,19,19,0.0,0.0,0.0,0.0,1.0,3.0,1381,1563
412,2562,04,ปปส.ภาค 4,40,ขอนแก่น,7022,7255,3330,3345,1981,2026,1540,1677,151,179,17,20,0.0,0.0,0.0,0.0,1.0,7.0,1708,1876
413,2562,04,ปปส.ภาค 4,48,นครพนม,1729,1939,751,767,331,367,508,630,113,141,13,13,8.0,13.0,1.0,1.0,1.0,4.0,643,798
414,2562,04,ปปส.ภาค 4,38,บึงกาฬ,2256,2490,893,909,584,608,727,911,35,42,10,10,6.0,9.0,0.0,0.0,1.0,1.0,778,972
415,2562,04,ปปส.ภาค 4,44,มหาสารคาม,2795,2888,896,897,960,973,897,974,27,29,13,13,0.0,0.0,0.0,0.0,1.0,1.0,937,1016
416,2562,04,ปปส.ภาค 4,49,มุกดาหาร,2718,2814,1817,1825,475,486,371,440,45,48,5,6,1.0,2.0,0.0,0.0,1.0,7.0,422,496
417,2562,04,ปปส.ภาค 4,45,ร้อยเอ็ด,3561,3713,1556,1571,875,910,1053,1146,61,70,13,13,0.0,0.0,0.0,0.0,1.0,1.0,1127,1229
418,2562,04,ปปส.ภาค 4,42,เลย,2406,2628,785,797,786,830,763,924,36,38,23,25,6.0,7.0,0.0,0.0,1.0,3.0,828,994
419,2562,04,ปปส.ภาค 4,47,สกลนคร,2380,2614,475,482,499,530,883,1003,444,515,77,77,0.0,1.0,0.0,0.0,1.0,4.0,1404,1596
420,2562,04,ปปส.ภาค 4,43,หนองคาย,3211,3370,1980,2008,666,680,526,630,22,29,2,2,15.0,21.0,0.0,0.0,0.0,0.0,565,682
421,2562,04,ปปส.ภาค 4,39,หนองบัวลำภู,801,890,32,32,276,286,457,531,25,29,11,12,0.0,0.0,0.0,0.0,0.0,0.0,493,572
422,2562,04,ปปส.ภาค 4,41,อุดรธานี,3578,3859,838,852,962,1032,1666,1849,84,95,20,22,0.0,0.0,0.0,0.0,1.0,1.0,1770,1966
423,2562,05,ปปส.ภาค 5,57,เชียงราย,5944,6475,3980,4074,759,831,883,1158,262,329,50,66,9.0,14.0,0.0,0.0,1.0,3.0,1204,1567
424,2562,05,ปปส.ภาค 5,50,เชียงใหม่,10582,11144,6348,6383,1922,2006,1810,2127,464,581,34,38,0.0,0.0,0.0,0.0,1.0,8.0,2308,2746
425,2562,05,ปปส.ภาค 5,55,น่าน,2711,2870,1665,1704,392,416,466,531,161,192,24,24,0.0,0.0,0.0,0.0,1.0,1.0,651,747
426,2562,05,ปปส.ภาค 5,56,พะเยา,2501,2583,1644,1658,301,311,435,486,82,88,37,38,0.0,0.0,0.0,0.0,1.0,1.0,554,612
427,2562,05,ปปส.ภาค 5,54,แพร่,2783,2863,2007,2015,370,381,296,343,86,95,22,27,0.0,0.0,0.0,0.0,0.0,0.0,404,465
428,2562,05,ปปส.ภาค 5,58,แม่ฮ่องสอน,476,553,245,278,128,144,91,112,9,15,3,4,0.0,0.0,0.0,0.0,0.0,0.0,103,131
429,2562,05,ปปส.ภาค 5,52,ลำปาง,4047,4251,2517,2542,666,689,631,753,220,251,12,15,0.0,0.0,0.0,0.0,0.0,0.0,863,1019
430,2562,05,ปปส.ภาค 5,51,ลำพูน,3017,3161,1825,1863,536,554,525,602,121,131,10,10,0.0,0.0,0.0,0.0,1.0,1.0,656,743
431,2562,06,ปปส.ภาค 6,62,กำแพงเพชร,3610,3811,2188,2208,586,603,346,405,465,568,23,23,0.0,0.0,0.0,0.0,1.0,4.0,834,996
432,2562,06,ปปส.ภาค 6,63,ตาก,2774,2907,2011,2027,405,428,210,276,136,162,11,13,1.0,1.0,0.0,0.0,0.0,0.0,358,452
433,2562,06,ปปส.ภาค 6,60,นครสวรรค์,2424,2621,890,905,806,847,575,685,139,169,13,14,0.0,0.0,0.0,0.0,1.0,1.0,727,868
434,2562,06,ปปส.ภาค 6,66,พิจิตร,1876,2122,987,1078,303,329,408,474,168,230,7,7,0.0,0.0,0.0,0.0,1.0,2.0,583,711
435,2562,06,ปปส.ภาค 6,65,พิษณุโลก,3230,3769,1689,1898,662,719,466,586,377,523,32,33,0.0,0.0,0.0,0.0,1.0,10.0,875,1142
436,2562,06,ปปส.ภาค 6,67,เพชรบูรณ์,3100,3376,1324,1378,710,756,831,968,210,245,20,20,0.0,0.0,0.0,0.0,1.0,8.0,1061,1233
437,2562,06,ปปส.ภาค 6,64,สุโขทัย,2076,2258,1009,1057,486,506,414,489,153,189,10,10,0.0,0.0,0.0,0.0,1.0,6.0,577,688
438,2562,06,ปปส.ภาค 6,53,อุตรดิตถ์,2103,2460,966,1117,414,437,557,668,141,202,18,18,0.0,0.0,0.0,0.0,1.0,16.0,716,888
439,2562,06,ปปส.ภาค 6,61,อุทัยธานี,1588,1657,1083,1095,184,186,231,267,67,85,22,23,0.0,0.0,0.0,0.0,1.0,1.0,320,375
440,2562,07,ปปส.ภาค 7,71,กาญจนบุรี,4334,4473,2082,2092,1216,1240,788,853,235,271,8,8,0.0,0.0,1.0,1.0,1.0,6.0,1032,1133
441,2562,07,ปปส.ภาค 7,73,นครปฐม,4441,4651,2601,2665,818,858,790,861,182,213,34,37,0.0,0.0,0.0,0.0,1.0,11.0,1006,1111
442,2562,07,ปปส.ภาค 7,77,ประจวบคีรีขันธ์,2386,2561,823,829,630,660,560,623,288,331,73,93,0.0,0.0,0.0,0.0,1.0,24.0,921,1047
443,2562,07,ปปส.ภาค 7,76,เพชรบุรี,2442,2761,1279,1395,604,664,395,494,142,179,14,18,0.0,0.0,0.0,0.0,1.0,11.0,551,691
444,2562,07,ปปส.ภาค 7,70,ราชบุรี,6399,6548,3854,3870,1501,1513,960,1052,61,67,14,27,0.0,0.0,1.0,1.0,1.0,15.0,1036,1147
445,2562,07,ปปส.ภาค 7,75,สมุทรสงคราม,950,992,529,532,233,241,144,166,41,47,2,3,0.0,0.0,0.0,0.0,1.0,3.0,187,216
446,2562,07,ปปส.ภาค 7,74,สมุทรสาคร,2138,2256,318,318,1008,1037,768,816,15,19,22,49,0.0,0.0,0.0,0.0,1.0,16.0,805,884
447,2562,07,ปปส.ภาค 7,72,สุพรรณบุรี,3577,3680,1684,1694,1022,1033,770,837,88,102,8,8,0.0,0.0,0.0,0.0,1.0,2.0,866,947
448,2562,08,ปปส.ภาค 8,81,กระบี่,4287,4625,498,500,2808,2923,825,1019,40,49,116,132,0.0,0.0,0.0,0.0,1.0,2.0,981,1200
449,2562,08,ปปส.ภาค 8,86,ชุมพร,4675,4977,1008,1025,2688,2781,869,1045,45,53,55,56,0.0,0.0,0.0,0.0,1.0,17.0,969,1154
450,2562,08,ปปส.ภาค 8,80,นครศรีธรรมราช,13317,13926,5750,5834,4699,4874,1692,1946,56,64,1107,1179,1.0,1.0,0.0,0.0,1.0,24.0,2856,3190
451,2562,08,ปปส.ภาค 8,82,พังงา,2531,2913,983,1117,985,1093,425,543,21,28,117,127,0.0,0.0,0.0,0.0,1.0,3.0,563,698
452,2562,08,ปปส.ภาค 8,83,ภูเก็ต,6762,8104,1352,1598,3846,4391,915,1187,125,147,516,767,2.0,2.0,2.0,2.0,1.0,9.0,1560,2105
453,2562,08,ปปส.ภาค 8,85,ระนอง,2365,2495,557,571,1303,1332,400,462,33,41,60,65,3.0,6.0,0.0,0.0,1.0,11.0,496,574
454,2562,08,ปปส.ภาค 8,84,สุราษฎร์ธานี,11127,12061,2920,2936,5357,5685,1623,1990,112,145,1111,1292,0.0,0.0,0.0,0.0,1.0,13.0,2846,3427
455,2562,09,ปปส.ภาค 9,92,ตรัง,4055,4413,1927,1937,1086,1174,718,913,11,15,309,365,0.0,0.0,0.0,0.0,1.0,8.0,1038,1293
456,2562,09,ปปส.ภาค 9,96,นราธิวาส,4939,5444,1196,1217,2707,2935,785,972,82,105,165,208,2.0,2.0,0.0,0.0,1.0,4.0,1034,1287
457,2562,09,ปปส.ภาค 9,94,ปัตตานี,4314,4739,931,957,2274,2479,824,963,30,33,245,296,2.0,2.0,0.0,0.0,1.0,3.0,1101,1294
458,2562,09,ปปส.ภาค 9,93,พัทลุง,2401,2685,393,421,1191,1259,555,707,13,13,247,279,0.0,0.0,0.0,0.0,1.0,6.0,815,999
459,2562,09,ปปส.ภาค 9,95,ยะลา,3237,3660,257,273,2307,2558,529,647,32,38,109,139,2.0,2.0,0.0,0.0,1.0,3.0,672,826
460,2562,09,ปปส.ภาค 9,90,สงขลา,11683,12970,4030,4079,5331,5958,1728,2160,47,50,475,635,66.0,73.0,0.0,0.0,1.0,14.0,2316,2918
461,2562,09,ปปส.ภาค 9,91,สตูล,3953,4169,1745,1747,1564,1664,432,484,24,25,148,200,31.0,38.0,0.0,0.0,1.0,6.0,635,747
462,2563,04,ปปส.ภาค 4,44,มหาสารคาม,3209,3290,897,896,1176,1195,1018,1074,49,51,67,72,1.0,1.0,0.0,0.0,0.0,0.0,1135,1198
463,2563,04,ปปส.ภาค 4,49,มุกดาหาร,3694,3745,2487,2486,644,656,477,515,41,50,37,29,3.0,2.0,0.0,0.0,2.0,2.0,558,596
464,2563,04,ปปส.ภาค 4,45,ร้อยเอ็ด,4558,4658,2141,2147,1065,1072,1242,1321,71,78,32,32,1.0,1.0,1.0,1.0,3.0,4.0,1347,1433
465,2563,04,ปปส.ภาค 4,42,เลย,2601,2741,874,879,906,942,713,803,44,51,53,56,5.0,3.0,0.0,0.0,6.0,7.0,815,913
466,2563,04,ปปส.ภาค 4,47,สกลนคร,3336,3500,930,932,679,705,1048,1167,430,475,245,214,1.0,1.0,0.0,0.0,2.0,5.0,1724,1857
467,2563,04,ปปส.ภาค 4,43,หนองคาย,3167,3219,1762,1762,680,689,684,725,13,13,7,7,21.0,23.0,0.0,0.0,0.0,0.0,725,768
468,2563,04,ปปส.ภาค 4,39,หนองบัวลำภู,1118,1180,139,138,348,349,597,658,14,15,20,20,,,0.0,0.0,0.0,0.0,631,693
469,2563,04,ปปส.ภาค 4,41,อุดรธานี,5175,5362,1678,1683,1405,1430,1895,2045,86,93,97,97,,,0.0,0.0,4.0,4.0,2078,2235
470,2563,05,ปปส.ภาค 5,57,เชียงราย,7287,7168,4499,4508,815,749,1158,1191,323,340,486,373,5.0,6.0,0.0,0.0,0.0,0.0,1972,1910
471,2563,05,ปปส.ภาค 5,50,เชียงใหม่,11197,11383,6353,6355,1745,1786,1864,2072,503,570,721,587,4.0,5.0,0.0,0.0,4.0,5.0,3092,3234
472,2563,05,ปปส.ภาค 5,55,น่าน,2954,3018,1930,1938,387,400,448,493,125,133,63,53,,,0.0,0.0,0.0,0.0,636,679
473,2563,05,ปปส.ภาค 5,56,พะเยา,2934,2951,1779,1779,351,359,443,482,118,124,241,205,,,0.0,0.0,0.0,0.0,802,811
474,2563,05,ปปส.ภาค 5,54,แพร่,3280,3205,2101,2105,467,461,340,362,77,81,295,196,,,0.0,0.0,0.0,0.0,712,639
475,2563,05,ปปส.ภาค 5,58,แม่ฮ่องสอน,612,578,248,249,167,168,83,95,18,20,94,44,1.0,1.0,0.0,0.0,0.0,0.0,196,160
476,2563,05,ปปส.ภาค 5,52,ลำปาง,4343,4362,2445,2447,652,653,690,724,299,336,255,199,,,0.0,0.0,0.0,0.0,1244,1259
477,2563,05,ปปส.ภาค 5,51,ลำพูน,3021,3084,1855,1851,434,436,518,575,93,103,120,118,,,0.0,0.0,0.0,0.0,731,796
478,2563,06,ปปส.ภาค 6,62,กำแพงเพชร,2541,2689,1192,1193,486,498,302,337,509,607,48,50,,,0.0,0.0,3.0,3.0,859,994
479,2563,06,ปปส.ภาค 6,63,ตาก,2061,2149,1210,1210,380,393,287,337,128,155,54,50,1.0,1.0,0.0,0.0,0.0,0.0,470,543
480,2563,06,ปปส.ภาค 6,60,นครสวรรค์,2772,2914,1173,1178,800,831,575,652,184,212,37,37,,,0.0,0.0,1.0,2.0,796,901
481,2563,06,ปปส.ภาค 6,66,พิจิตร,1853,1958,940,940,366,382,323,359,189,242,35,35,,,0.0,0.0,0.0,0.0,547,636
482,2563,06,ปปส.ภาค 6,65,พิษณุโลก,3334,3495,1933,1933,531,564,423,506,337,406,106,82,,,0.0,0.0,3.0,3.0,866,994
483,2563,06,ปปส.ภาค 6,67,เพชรบูรณ์,2941,3096,884,886,757,777,1013,1118,185,212,99,99,,,1.0,1.0,1.0,2.0,1298,1430
484,2563,06,ปปส.ภาค 6,64,สุโขทัย,2145,2292,876,875,580,613,458,535,178,214,48,49,,,0.0,0.0,3.0,3.0,684,798
485,2563,06,ปปส.ภาค 6,53,อุตรดิตถ์,2069,2199,791,799,527,535,514,577,178,225,54,53,,,0.0,0.0,4.0,9.0,746,855
486,2563,06,ปปส.ภาค 6,61,อุทัยธานี,1067,1097,649,651,181,186,140,153,40,47,57,60,,,0.0,0.0,0.0,0.0,237,260
487,2563,07,ปปส.ภาค 7,71,กาญจนบุรี,3191,3299,1311,1309,922,947,659,714,216,241,66,66,1.0,1.0,0.0,0.0,13.0,16.0,942,1022
488,2563,07,ปปส.ภาค 7,73,นครปฐม,3675,3801,1990,1991,770,806,648,693,168,178,89,121,,,0.0,0.0,8.0,10.0,905,992
489,2563,07,ปปส.ภาค 7,77,ประจวบคีรีขันธ์,2429,2564,788,788,617,636,715,791,189,206,109,130,1.0,2.0,1.0,1.0,4.0,5.0,1015,1130
490,2563,07,ปปส.ภาค 7,76,เพชรบุรี,2467,2589,1397,1397,539,569,358,401,135,163,30,43,,,0.0,0.0,5.0,9.0,523,607
491,2563,07,ปปส.ภาค 7,70,ราชบุรี,4270,4345,2275,2279,1076,1079,775,835,66,74,65,65,2.0,2.0,0.0,0.0,2.0,2.0,908,976
492,2563,07,ปปส.ภาค 7,75,สมุทรสงคราม,668,695,339,341,169,173,125,137,30,34,4,9,,,0.0,0.0,1.0,1.0,159,180
493,2563,07,ปปส.ภาค 7,74,สมุทรสาคร,1905,1984,329,329,943,984,598,629,12,13,16,20,,,0.0,0.0,7.0,9.0,626,662
494,2563,07,ปปส.ภาค 7,72,สุพรรณบุรี,3050,3133,1164,1164,918,927,834,895,100,112,30,29,1.0,1.0,0.0,0.0,1.0,3.0,965,1037
495,2563,08,ปปส.ภาค 8,81,กระบี่,4772,5108,797,800,2771,2870,947,1152,90,110,166,172,,,0.0,0.0,1.0,4.0,1203,1434
496,2563,08,ปปส.ภาค 8,86,ชุมพร,5051,5275,1409,1407,2343,2392,1073,1239,35,43,175,177,,,0.0,0.0,13.0,14.0,1283,1459
497,2563,08,ปปส.ภาค 8,80,นครศรีธรรมราช,14741,15204,6932,6935,4560,4680,1984,2207,80,120,1160,1226,,,0.0,0.0,17.0,28.0,3224,3553
498,2563,08,ปปส.ภาค 8,82,พังงา,3111,3248,1345,1351,1117,1159,466,529,47,54,129,147,1.0,1.0,0.0,0.0,4.0,5.0,643,731
499,2563,08,ปปส.ภาค 8,83,ภูเก็ต,6645,7417,1666,1660,3284,3579,868,1054,181,211,632,893,2.0,5.0,1.0,1.0,11.0,14.0,1684,2164
500,2563,08,ปปส.ภาค 8,85,ระนอง,2577,2651,936,936,1177,1202,312,352,44,48,92,94,14.0,17.0,0.0,0.0,1.0,1.0,462,511
501,2563,08,ปปส.ภาค 8,84,สุราษฎร์ธานี,11772,12433,3860,3851,4792,5025,1623,1942,130,145,1357,1457,,,0.0,0.0,7.0,10.0,3110,3544
502,2563,09,ปปส.ภาค 9,92,ตรัง,3688,3939,1496,1505,1015,1080,773,889,21,23,377,434,,,0.0,0.0,5.0,7.0,1171,1346
503,2563,09,ปปส.ภาค 9,96,นราธิวาส,4231,4535,911,918,2258,2384,857,1006,15,17,185,205,2.0,2.0,0.0,0.0,1.0,1.0,1059,1230
504,2563,09,ปปส.ภาค 9,94,ปัตตานี,4563,4777,1009,1012,2061,2135,834,904,56,59,598,661,,,0.0,0.0,1.0,2.0,1488,1624
505,2563,09,ปปส.ภาค 9,93,พัทลุง,2430,2661,489,488,896,961,632,754,35,46,374,408,,,0.0,0.0,2.0,2.0,1041,1208
506,2563,09,ปปส.ภาค 9,95,ยะลา,3326,3679,330,335,2029,2182,616,755,65,74,282,328,3.0,4.0,0.0,0.0,,,966,1161
507,2563,09,ปปส.ภาค 9,90,สงขลา,11024,12039,4073,4086,4149,4570,1991,2373,56,64,722,910,19.0,19.0,0.0,0.0,11.0,13.0,2788,3366
508,2563,09,ปปส.ภาค 9,91,สตูล,3525,3719,1549,1560,1120,1186,551,624,26,25,259,303,15.0,14.0,0.0,0.0,3.0,5.0,851,966
509,2563,10,กรุงเทพมหานคร,10,กรุงเทพมหานคร,21550,22641,9724,9754,6760,7142,4136,4395,352,373,489,899,34.0,18.0,0.0,0.0,44.0,49.0,5011,5685
510,2563,01,ปปส.ภาค 1,18,ชัยนาท,1532,1587,822,823,191,196,356,390,117,131,42,42,1.0,1.0,0.0,0.0,3.0,4.0,516,564
511,2563,01,ปปส.ภาค 1,12,นนทบุรี,3432,3632,937,937,1188,1231,1096,1184,80,87,120,177,,,0.0,0.0,11.0,16.0,1296,1448
512,2563,01,ปปส.ภาค 1,13,ปทุมธานี,4235,4509,1192,1193,1378,1396,1369,1426,69,83,213,364,,,0.0,0.0,14.0,47.0,1651,1873
513,2563,01,ปปส.ภาค 1,14,พระนครศรีอยุธยา,4199,4355,1745,1747,940,945,1217,1323,167,198,119,129,,,0.0,0.0,9.0,10.0,1503,1650
514,2563,01,ปปส.ภาค 1,16,ลพบุรี,4014,4118,1487,1490,1118,1133,1172,1241,174,190,60,60,,,0.0,0.0,3.0,4.0,1406,1491
515,2563,01,ปปส.ภาค 1,11,สมุทรปราการ,6990,7627,1816,1817,2646,2793,1906,2026,136,142,469,828,2.0,2.0,2.0,1.0,12.0,17.0,2515,2999
516,2563,01,ปปส.ภาค 1,19,สระบุรี,2791,2847,744,748,1079,1088,881,913,50,56,32,37,,,0.0,0.0,2.0,2.0,963,1006
517,2563,01,ปปส.ภาค 1,17,สิงห์บุรี,1083,1129,309,309,315,317,405,444,48,51,5,6,,,0.0,0.0,0.0,0.0,458,501
518,2563,01,ปปส.ภาค 1,15,อ่างทอง,1291,1345,423,424,410,419,392,433,46,49,18,18,,,0.0,0.0,2.0,2.0,456,500
519,2563,02,ปปส.ภาค 2,22,จันทบุรี,2919,2962,1705,1707,492,497,606,639,29,32,81,81,,,0.0,0.0,4.0,4.0,716,752
520,2563,02,ปปส.ภาค 2,24,ฉะเชิงเทรา,4562,4643,2732,2728,888,899,741,788,136,152,60,71,,,0.0,0.0,4.0,4.0,937,1011
521,2563,02,ปปส.ภาค 2,20,ชลบุรี,11839,12115,8364,8371,1606,1664,1464,1605,331,374,51,76,,,0.0,0.0,16.0,18.0,1846,2055
522,2563,02,ปปส.ภาค 2,23,ตราด,1443,1461,876,874,205,213,258,262,28,37,68,67,1.0,1.0,0.0,0.0,5.0,5.0,355,367
523,2563,02,ปปส.ภาค 2,26,นครนายก,2040,2096,1096,1096,522,553,341,356,41,44,35,42,,,0.0,0.0,2.0,2.0,417,442
524,2563,02,ปปส.ภาค 2,25,ปราจีนบุรี,3091,3150,1886,1878,605,610,540,584,37,44,17,22,1.0,1.0,0.0,0.0,5.0,11.0,595,651
525,2563,02,ปปส.ภาค 2,21,ระยอง,7639,7751,4929,4929,1463,1485,1080,1150,91,111,71,71,,,1.0,1.0,4.0,4.0,1243,1333
526,2563,02,ปปส.ภาค 2,27,สระแก้ว,2499,2604,1358,1364,448,454,542,613,80,99,67,69,1.0,2.0,0.0,0.0,2.0,2.0,690,783
527,2563,03,ปปส.ภาค 3,36,ชัยภูมิ,4187,4304,1694,1695,710,712,1131,1218,290,307,274,274,,,0.0,0.0,9.0,19.0,1695,1799
528,2563,03,ปปส.ภาค 3,30,นครราชสีมา,5778,6034,1862,1865,1325,1348,1533,1672,594,680,438,437,2.0,3.0,0.0,0.0,19.0,24.0,2567,2792
529,2563,03,ปปส.ภาค 3,31,บุรีรัมย์,3311,3586,1206,1208,317,329,1191,1394,481,606,113,45,,,0.0,0.0,3.0,4.0,1785,2045
530,2563,03,ปปส.ภาค 3,35,ยโสธร,3035,3094,1646,1645,375,379,574,617,249,259,155,155,,,0.0,0.0,0.0,0.0,978,1031
531,2563,03,ปปส.ภาค 3,33,ศรีสะเกษ,4612,4879,1264,1271,1091,1106,1539,1707,474,525,225,251,1.0,1.0,0.0,0.0,5.0,5.0,2239,2484
532,2563,03,ปปส.ภาค 3,32,สุรินทร์,2269,2571,899,901,202,211,582,738,438,553,126,135,1.0,1.0,0.0,0.0,16.0,27.0,1147,1427
533,2563,03,ปปส.ภาค 3,37,อำนาจเจริญ,1920,2029,843,843,327,330,476,538,165,207,105,105,3.0,5.0,0.0,0.0,1.0,1.0,749,855
534,2563,03,ปปส.ภาค 3,34,อุบลราชธานี,7745,7892,3832,3840,988,1005,1394,1472,1190,1244,332,324,4.0,2.0,1.0,1.0,3.0,3.0,2921,3043
535,2563,04,ปปส.ภาค 4,46,กาฬสินธุ์,4407,4524,1692,1697,1183,1195,1409,1502,55,61,55,56,,,0.0,0.0,9.0,9.0,1519,1619
536,2563,04,ปปส.ภาค 4,40,ขอนแก่น,7642,7846,3595,3611,2010,2060,1814,1930,131,149,80,82,3.0,3.0,0.0,0.0,9.0,11.0,2028,2164
537,2563,04,ปปส.ภาค 4,48,นครพนม,2492,2586,1326,1330,401,414,610,667,120,139,25,25,4.0,3.0,0.0,0.0,1.0,3.0,759,834
538,2563,04,ปปส.ภาค 4,38,บึงกาฬ,2976,3054,1405,1404,759,769,767,835,20,22,18,17,7.0,7.0,0.0,0.0,0.0,0.0,812,881
539,2564,01,ปปส.ภาค 1,18,ชัยนาท,1364,1400,763,765,232,233,423,449,97,110,27,29,,,,,0.0,0.0,514,551
540,2564,01,ปปส.ภาค 1,12,นนทบุรี,5056,5198,3202,3210,880,927,868,934,60,70,54,85,,,,,0.0,0.0,954,1057
541,2564,01,ปปส.ภาค 1,13,ปทุมธานี,4683,4823,1747,1756,1518,1583,901,955,106,114,111,136,,,,,0.0,0.0,1085,1167
542,2564,01,ปปส.ภาค 1,14,พระนครศรีอยุธยา,3492,3592,1766,1779,1048,1077,974,1023,112,130,47,57,,,,,0.0,0.0,1077,1148
543,2564,01,ปปส.ภาค 1,16,ลพบุรี,3887,3976,1925,1936,1258,1269,1180,1258,142,156,64,64,,,1.0,1.0,0.0,0.0,1304,1390
544,2564,01,ปปส.ภาค 1,11,สมุทรปราการ,6761,7316,2515,2536,2310,2470,1179,1269,159,173,527,852,5.0,7.0,,,0.0,0.0,1795,2220
545,2564,01,ปปส.ภาค 1,19,สระบุรี,2978,3063,1106,1127,1249,1275,873,925,69,79,19,22,,,,,0.0,0.0,918,981
546,2564,01,ปปส.ภาค 1,17,สิงห์บุรี,1053,1068,683,689,298,300,390,405,40,41,13,13,,,,,0.0,0.0,427,442
547,2564,01,ปปส.ภาค 1,15,อ่างทอง,1501,1559,755,763,511,522,385,427,51,57,21,21,,,,,0.0,0.0,437,481
548,2564,02,ปปส.ภาค 2,22,จันทบุรี,2539,2584,2200,2236,514,519,466,498,31,35,65,67,,,1.0,3.0,0.0,0.0,531,564
549,2564,02,ปปส.ภาค 2,24,ฉะเชิงเทรา,5194,5318,4111,4160,1033,1081,693,747,197,235,34,53,,,,,0.0,0.0,792,887
550,2564,02,ปปส.ภาค 2,20,ชลบุรี,8962,9177,7562,7679,1522,1557,1270,1404,284,333,60,65,,,,,0.0,0.0,1423,1571
551,2564,02,ปปส.ภาค 2,23,ตราด,1116,1132,971,983,268,278,188,197,29,29,24,24,,,,,0.0,0.0,222,231
552,2564,02,ปปส.ภาค 2,26,นครนายก,2959,3003,2449,2469,597,616,321,335,33,35,23,31,,,,,0.0,0.0,370,394
553,2564,02,ปปส.ภาค 2,25,ปราจีนบุรี,2650,2701,2263,2287,576,586,442,474,70,77,48,52,,,,,0.0,0.0,498,536
554,2564,02,ปปส.ภาค 2,21,ระยอง,5974,6085,4849,4892,1674,1698,995,1079,65,81,45,47,,,1.0,1.0,0.0,0.0,1046,1139
555,2564,02,ปปส.ภาค 2,27,สระแก้ว,2432,2523,2118,2169,519,533,585,655,77,96,48,48,,,,,0.0,0.0,649,727
556,2564,03,ปปส.ภาค 3,36,ชัยภูมิ,5919,6012,4620,4663,1172,1184,1251,1325,181,191,272,272,,,,,0.0,0.0,1619,1701
557,2564,03,ปปส.ภาค 3,30,นครราชสีมา,8471,8664,6083,6176,2017,2062,1800,1936,438,473,478,482,1.0,1.0,1.0,1.0,0.0,0.0,2550,2705
558,2564,03,ปปส.ภาค 3,31,บุรีรัมย์,6371,6666,5110,5217,729,754,1421,1632,399,512,93,93,,,,,0.0,0.0,1724,1993
559,2564,03,ปปส.ภาค 3,35,ยโสธร,4558,4648,4217,4281,705,726,745,816,184,190,139,141,,,,,0.0,0.0,926,998
560,2564,03,ปปส.ภาค 3,33,ศรีสะเกษ,7637,7988,6536,6742,1707,1754,1954,2202,383,429,370,407,,,,,0.0,0.0,2546,2856
561,2564,03,ปปส.ภาค 3,32,สุรินทร์,3513,3818,2697,2814,419,460,895,1107,429,531,113,125,1.0,1.0,,,0.0,0.0,1166,1429
562,2564,03,ปปส.ภาค 3,37,อำนาจเจริญ,3256,3349,3012,3066,505,515,654,729,164,186,63,63,2.0,2.0,,,0.0,0.0,747,826
563,2564,03,ปปส.ภาค 3,34,อุบลราชธานี,10699,10885,9062,9142,1557,1577,1940,2077,1066,1107,293,294,2.0,2.0,1.0,1.0,0.0,0.0,2987,3155
564,2564,04,ปปส.ภาค 4,46,กาฬสินธุ์,5339,5453,4132,4197,1782,1807,1574,1664,36,38,79,79,,,,,0.0,0.0,1673,1765
565,2564,04,ปปส.ภาค 4,40,ขอนแก่น,10242,10308,8029,8067,2799,2818,1917,1993,61,67,74,74,2.0,2.0,,,0.0,0.0,2033,2109
566,2564,04,ปปส.ภาค 4,48,นครพนม,3226,3363,2649,2717,609,639,730,831,103,123,30,32,7.0,8.0,,,0.0,0.0,804,910
567,2564,04,ปปส.ภาค 4,38,บึงกาฬ,3185,3259,2705,2737,1005,1033,742,808,20,21,8,8,3.0,5.0,,,0.0,0.0,762,829
568,2564,04,ปปส.ภาค 4,44,มหาสารคาม,3728,3798,2380,2410,1418,1430,1091,1137,31,33,25,26,1.0,1.0,1.0,1.0,0.0,0.0,1134,1182
569,2564,04,ปปส.ภาค 4,49,มุกดาหาร,3705,3775,3471,3512,899,917,405,452,18,18,21,21,5.0,5.0,,,0.0,0.0,437,484
570,2564,04,ปปส.ภาค 4,45,ร้อยเอ็ด,5593,5702,4450,4508,1451,1463,1321,1429,50,64,20,20,,,1.0,1.0,0.0,0.0,1373,1488
571,2564,04,ปปส.ภาค 4,42,เลย,3320,3429,2532,2596,1294,1318,788,861,15,16,65,66,,,2.0,2.0,0.0,0.0,864,938
572,2564,04,ปปส.ภาค 4,47,สกลนคร,4198,4348,2731,2793,1196,1222,1260,1363,199,223,90,92,1.0,1.0,,,0.0,0.0,1468,1591
573,2564,04,ปปส.ภาค 4,43,หนองคาย,3783,3894,3508,3571,1258,1297,911,1009,30,31,16,16,18.0,33.0,,,0.0,0.0,942,1041
574,2564,04,ปปส.ภาค 4,39,หนองบัวลำภู,1582,1669,1103,1157,550,558,786,863,18,24,26,27,,,,,0.0,0.0,821,902
575,2564,04,ปปส.ภาค 4,41,อุดรธานี,7154,7408,6535,6742,2137,2204,2153,2337,63,69,102,105,,,1.0,1.0,0.0,0.0,2277,2465
576,2564,05,ปปส.ภาค 5,57,เชียงราย,7665,7791,5634,5706,1324,1345,1502,1675,475,499,592,592,3.0,4.0,1.0,1.0,0.0,0.0,2340,2522
577,2564,05,ปปส.ภาค 5,50,เชียงใหม่,11047,11351,8623,8714,2279,2327,2017,2233,640,730,591,604,8.0,8.0,2.0,2.0,0.0,0.0,2861,3128
578,2564,05,ปปส.ภาค 5,55,น่าน,3577,3696,3159,3208,574,592,619,714,210,255,94,95,,,,,0.0,0.0,738,844
579,2564,05,ปปส.ภาค 5,56,พะเยา,3396,3449,2941,2978,514,518,483,524,150,165,307,308,,,,,0.0,0.0,875,926
580,2564,05,ปปส.ภาค 5,54,แพร่,3745,3804,3032,3069,859,885,519,554,118,133,351,352,1.0,1.0,,,0.0,0.0,891,936
581,2564,05,ปปส.ภาค 5,58,แม่ฮ่องสอน,772,804,567,589,249,263,136,155,35,43,119,119,,,,,0.0,0.0,264,286
582,2564,05,ปปส.ภาค 5,52,ลำปาง,4711,4820,3095,3116,928,935,935,1020,329,365,440,441,,,,,0.0,0.0,1515,1615
583,2564,05,ปปส.ภาค 5,51,ลำพูน,3592,3656,3056,3072,704,716,463,509,136,164,133,134,,,,,0.0,0.0,648,705
584,2564,06,ปปส.ภาค 6,62,กำแพงเพชร,1533,1642,817,860,632,646,530,589,434,496,43,43,,,,,0.0,0.0,775,865
585,2564,06,ปปส.ภาค 6,63,ตาก,1273,1343,907,935,339,357,277,318,93,108,32,32,2.0,2.0,2.0,2.0,0.0,0.0,366,417
586,2564,06,ปปส.ภาค 6,60,นครสวรรค์,2214,2315,1482,1519,877,889,581,650,148,173,38,39,,,,,0.0,0.0,700,784
587,2564,06,ปปส.ภาค 6,66,พิจิตร,1582,1669,1056,1077,376,385,417,478,106,137,29,29,,,,,0.0,0.0,511,595
588,2564,06,ปปส.ภาค 6,65,พิษณุโลก,2468,2652,1332,1358,623,655,499,591,209,267,61,61,,,,,0.0,0.0,722,863
589,2564,06,ปปส.ภาค 6,67,เพชรบูรณ์,3036,3217,2404,2517,848,872,1226,1356,220,261,64,64,,,,,0.0,0.0,1376,1523
590,2564,06,ปปส.ภาค 6,64,สุโขทัย,1669,1767,819,837,568,588,501,567,116,136,16,16,,,,,0.0,0.0,592,672
591,2564,06,ปปส.ภาค 6,53,อุตรดิตถ์,2028,2188,1747,1842,769,805,782,904,166,207,55,60,,,,,0.0,0.0,869,1010
592,2564,06,ปปส.ภาค 6,61,อุทัยธานี,680,703,540,552,217,222,194,209,25,32,33,33,,,,,0.0,0.0,238,259
593,2564,07,ปปส.ภาค 7,71,กาญจนบุรี,2141,2209,1226,1246,726,738,583,636,90,98,20,20,1.0,1.0,,,0.0,0.0,636,692
594,2564,07,ปปส.ภาค 7,73,นครปฐม,2078,2181,1531,1561,551,594,422,466,73,81,37,50,,,,,0.0,0.0,491,551
595,2564,07,ปปส.ภาค 7,77,ประจวบคีรีขันธ์,1951,2043,1063,1082,523,539,642,693,75,85,67,81,,,,,0.0,0.0,763,835
596,2564,07,ปปส.ภาค 7,76,เพชรบุรี,1781,1860,1262,1281,463,484,326,377,99,112,20,27,,,,,0.0,0.0,409,474
597,2564,07,ปปส.ภาค 7,70,ราชบุรี,2460,2504,1226,1234,674,680,625,664,53,60,27,27,,,,,0.0,0.0,685,731
598,2564,07,ปปส.ภาค 7,75,สมุทรสงคราม,298,308,218,220,87,89,79,87,29,33,2,2,,,,,0.0,0.0,90,100
599,2564,07,ปปส.ภาค 7,74,สมุทรสาคร,776,822,90,90,318,342,297,314,3,3,7,7,,,,,0.0,0.0,306,323
600,2564,07,ปปส.ภาค 7,72,สุพรรณบุรี,2774,2836,997,1000,1005,1015,719,765,71,85,33,36,,,,,0.0,0.0,797,852
601,2564,08,ปปส.ภาค 8,81,กระบี่,5045,5299,1634,1637,2271,2348,969,1122,105,136,108,112,,,,,0.0,0.0,1125,1305
602,2564,08,ปปส.ภาค 8,86,ชุมพร,5242,5462,2426,2484,1933,1992,1128,1299,64,76,204,205,,,,,0.0,0.0,1341,1522
603,2564,08,ปปส.ภาค 8,80,นครศรีธรรมราช,15678,16023,11660,11828,5262,5384,2271,2546,126,155,859,892,,,,,0.0,0.0,3144,3466
604,2564,08,ปปส.ภาค 8,82,พังงา,3068,3205,1906,1948,1050,1102,446,520,56,68,156,167,,,,,0.0,0.0,615,705
605,2564,08,ปปส.ภาค 8,83,ภูเก็ต,7885,8436,4038,4054,2082,2326,638,761,95,114,557,710,,,,,0.0,0.0,1260,1551
606,2564,08,ปปส.ภาค 8,85,ระนอง,2722,2776,1679,1699,913,932,272,315,26,29,103,103,3.0,3.0,,,0.0,0.0,375,419
607,2564,08,ปปส.ภาค 8,84,สุราษฎร์ธานี,11258,11836,7530,7761,3521,3770,1625,1913,196,232,976,1037,2.0,3.0,,,0.0,0.0,2643,2997
608,2564,09,ปปส.ภาค 9,92,ตรัง,2943,3254,1964,2110,1054,1172,814,987,50,63,459,503,,,,,0.0,0.0,1248,1473
609,2564,09,ปปส.ภาค 9,96,นราธิวาส,3568,3875,1207,1282,2051,2209,916,1057,18,21,163,191,1.0,3.0,,,0.0,0.0,1070,1232
610,2564,09,ปปส.ภาค 9,94,ปัตตานี,4693,4992,1682,1751,2292,2411,982,1121,40,43,394,447,,,,,0.0,0.0,1371,1556
611,2564,09,ปปส.ภาค 9,93,พัทลุง,2498,2687,1306,1383,1165,1239,744,853,24,29,317,348,,,,,0.0,0.0,1048,1185
612,2564,09,ปปส.ภาค 9,95,ยะลา,3215,3608,672,707,1665,1823,806,977,58,84,257,288,,,,,0.0,0.0,1065,1283
613,2564,09,ปปส.ภาค 9,90,สงขลา,11321,12355,6633,7004,4457,4940,1859,2177,103,117,537,646,11.0,23.0,1.0,1.0,0.0,0.0,2414,2860
614,2564,09,ปปส.ภาค 9,91,สตูล,2991,3181,2073,2151,896,971,545,627,23,23,280,344,44.0,44.0,,,0.0,0.0,823,964
615,2564,10,กรุงเทพมหานคร,10,กรุงเทพมหานคร,17128,17938,9625,9797,5121,5488,2821,3035,250,280,326,559,5.0,5.0,3.0,3.0,0.0,0.0,3308,3771
616,2565,08,ปปส.ภาค 8,81,กระบี่,2472,2590,168,170,1044,1078,171,193,58,76,23,23,0.0,0.0,0.0,0.0,0.0,0.0,236,275
617,2565,10,กรุงเทพมหานคร,10,กรุงเทพมหานคร,7338,7593,2755,2787,2386,2441,695,767,233,262,37,55,1.0,1.0,0.0,0.0,0.0,0.0,942,1056
618,2565,07,ปปส.ภาค 7,71,กาญจนบุรี,3277,3340,1476,1495,827,842,251,273,135,153,157,158,0.0,0.0,0.0,0.0,0.0,0.0,504,540
619,2565,04,ปปส.ภาค 4,46,กาฬสินธุ์,5807,5890,3753,3800,2098,2115,426,450,92,96,61,61,0.0,0.0,1.0,1.0,0.0,0.0,568,597
620,2565,06,ปปส.ภาค 6,62,กำแพงเพชร,1793,1893,623,646,448,457,151,176,290,346,37,37,0.0,0.0,0.0,0.0,0.0,0.0,413,483
621,2565,04,ปปส.ภาค 4,40,ขอนแก่น,9323,9402,3968,3998,1925,1943,487,505,143,157,139,139,0.0,0.0,0.0,0.0,0.0,0.0,754,785
622,2565,02,ปปส.ภาค 2,22,จันทบุรี,1877,1928,1207,1230,351,365,170,196,37,39,26,27,0.0,0.0,0.0,0.0,0.0,0.0,230,258
623,2565,02,ปปส.ภาค 2,24,ฉะเชิงเทรา,2650,2740,1502,1537,477,494,237,269,145,173,22,22,0.0,0.0,0.0,0.0,0.0,0.0,332,382
624,2565,02,ปปส.ภาค 2,20,ชลบุรี,5519,5737,2930,2997,805,830,282,326,135,160,89,89,0.0,0.0,0.0,0.0,0.0,0.0,463,524
625,2565,01,ปปส.ภาค 1,18,ชัยนาท,1539,1582,617,621,193,197,80,82,142,151,17,17,0.0,0.0,0.0,0.0,0.0,0.0,227,239
626,2565,03,ปปส.ภาค 3,36,ชัยภูมิ,3615,3755,2209,2247,654,666,874,934,212,238,217,217,0.0,0.0,0.0,0.0,0.0,0.0,1240,1324
627,2565,08,ปปส.ภาค 8,86,ชุมพร,3079,3210,1300,1333,1126,1154,274,313,92,114,73,73,0.0,0.0,0.0,0.0,0.0,0.0,417,472
628,2565,05,ปปส.ภาค 5,57,เชียงราย,6333,6461,2581,2616,1058,1086,456,535,159,170,506,506,4.0,7.0,0.0,0.0,0.0,0.0,1069,1162
629,2565,05,ปปส.ภาค 5,50,เชียงใหม่,7810,8064,4120,4184,1661,1709,548,625,352,400,281,282,2.0,4.0,3.0,3.0,0.0,0.0,1063,1171
630,2565,09,ปปส.ภาค 9,92,ตรัง,2113,2234,1137,1173,474,492,175,194,70,84,33,33,0.0,0.0,0.0,0.0,0.0,0.0,274,308
631,2565,02,ปปส.ภาค 2,23,ตราด,745,752,471,476,177,179,39,42,10,11,20,20,0.0,0.0,0.0,0.0,0.0,0.0,64,68
632,2565,06,ปปส.ภาค 6,63,ตาก,1359,1417,450,459,276,296,65,74,34,37,28,29,2.0,2.0,0.0,0.0,0.0,0.0,123,136
633,2565,02,ปปส.ภาค 2,26,นครนายก,2162,2170,1114,1118,389,391,70,70,12,13,2,4,0.0,0.0,0.0,0.0,0.0,0.0,80,83
634,2565,07,ปปส.ภาค 7,73,นครปฐม,3548,3662,1961,1977,661,668,256,277,75,84,125,125,1.0,1.0,0.0,0.0,0.0,0.0,427,455
635,2565,04,ปปส.ภาค 4,48,นครพนม,4005,4070,2828,2854,705,723,329,363,55,63,13,14,3.0,3.0,1.0,1.0,0.0,0.0,379,417
636,2565,03,ปปส.ภาค 3,30,นครราชสีมา,6550,6717,3206,3240,1050,1071,815,868,486,514,345,348,0.0,0.0,0.0,0.0,0.0,0.0,1548,1628
637,2565,08,ปปส.ภาค 8,80,นครศรีธรรมราช,8750,8965,3906,3970,1826,1890,575,637,149,158,173,173,0.0,0.0,1.0,1.0,0.0,0.0,804,874
638,2565,06,ปปส.ภาค 6,60,นครสวรรค์,2614,2696,1100,1123,633,651,151,165,84,96,81,81,0.0,0.0,0.0,0.0,0.0,0.0,305,329
639,2565,01,ปปส.ภาค 1,12,นนทบุรี,2894,2953,809,810,815,827,246,275,31,35,31,33,0.0,0.0,0.0,0.0,0.0,0.0,308,343
640,2565,09,ปปส.ภาค 9,96,นราธิวาส,2261,2370,964,1000,869,910,274,307,105,111,4,4,0.0,0.0,0.0,0.0,0.0,0.0,379,418
641,2565,05,ปปส.ภาค 5,55,น่าน,3172,3233,1823,1845,575,598,180,199,115,128,116,116,0.0,0.0,0.0,0.0,0.0,0.0,361,387
642,2565,04,ปปส.ภาค 4,38,บึงกาฬ,3357,3430,2194,2229,924,953,206,228,20,22,1,1,0.0,0.0,0.0,0.0,0.0,0.0,223,246
643,2565,03,ปปส.ภาค 3,31,บุรีรัมย์,3381,3629,1962,2057,383,404,961,1086,416,500,249,249,0.0,0.0,0.0,0.0,0.0,0.0,1503,1693
644,2565,01,ปปส.ภาค 1,13,ปทุมธานี,3422,3471,1599,1605,791,802,263,283,80,88,30,30,0.0,0.0,0.0,0.0,0.0,0.0,353,381
645,2565,07,ปปส.ภาค 7,77,ประจวบคีรีขันธ์,2372,2422,809,817,543,549,187,201,83,90,147,147,1.0,1.0,0.0,0.0,0.0,0.0,405,426
646,2565,02,ปปส.ภาค 2,25,ปราจีนบุรี,1933,1962,1062,1066,362,364,143,150,36,42,15,15,0.0,0.0,0.0,0.0,0.0,0.0,175,187
647,2565,09,ปปส.ภาค 9,94,ปัตตานี,3548,3657,1850,1870,885,904,293,325,61,72,3,3,0.0,0.0,0.0,0.0,0.0,0.0,354,396
648,2565,01,ปปส.ภาค 1,14,พระนครศรีอยุธยา,3033,3089,1298,1302,760,771,281,306,72,82,9,9,0.0,0.0,0.0,0.0,0.0,0.0,338,371
649,2565,05,ปปส.ภาค 5,56,พะเยา,2931,2978,1660,1674,535,553,115,119,54,64,244,244,0.0,0.0,0.0,0.0,0.0,0.0,405,419
650,2565,08,ปปส.ภาค 8,82,พังงา,1362,1437,538,567,525,561,114,132,38,44,28,29,0.0,0.0,0.0,0.0,0.0,0.0,173,199
651,2565,09,ปปส.ภาค 9,93,พัทลุง,2113,2238,964,1003,741,777,239,275,103,111,39,39,0.0,0.0,0.0,0.0,0.0,0.0,374,419
652,2565,06,ปปส.ภาค 6,66,พิจิตร,1306,1374,490,503,249,262,107,126,44,60,85,85,0.0,0.0,0.0,0.0,0.0,0.0,227,259
653,2565,06,ปปส.ภาค 6,65,พิษณุโลก,1967,2076,522,527,437,471,129,150,177,211,142,142,0.0,0.0,0.0,0.0,0.0,0.0,430,482
654,2565,07,ปปส.ภาค 7,76,เพชรบุรี,2100,2165,1054,1079,403,411,176,193,75,87,41,41,0.0,0.0,0.0,0.0,0.0,0.0,270,296
655,2565,06,ปปส.ภาค 6,67,เพชรบูรณ์,2617,2765,1282,1324,633,662,385,422,205,236,83,83,0.0,0.0,0.0,0.0,0.0,0.0,623,684
656,2565,05,ปปส.ภาค 5,54,แพร่,3081,3146,1320,1331,822,829,191,220,67,78,421,421,1.0,1.0,0.0,0.0,0.0,0.0,643,676
657,2565,08,ปปส.ภาค 8,83,ภูเก็ต,2185,2314,291,293,837,897,145,166,49,57,46,47,2.0,2.0,0.0,0.0,0.0,0.0,242,272
658,2565,04,ปปส.ภาค 4,44,มหาสารคาม,4134,4172,1943,1950,1188,1192,251,269,18,20,38,38,0.0,0.0,0.0,0.0,0.0,0.0,307,327
659,2565,04,ปปส.ภาค 4,49,มุกดาหาร,2737,2780,1514,1534,531,542,111,125,28,33,17,17,5.0,5.0,0.0,0.0,0.0,0.0,149,168
660,2565,05,ปปส.ภาค 5,58,แม่ฮ่องสอน,832,855,344,350,263,271,73,78,31,35,147,147,0.0,0.0,0.0,0.0,0.0,0.0,240,249
661,2565,03,ปปส.ภาค 3,35,ยโสธร,2993,3036,1882,1900,390,395,383,400,146,157,106,106,0.0,0.0,1.0,1.0,0.0,0.0,576,602
662,2565,09,ปปส.ภาค 9,95,ยะลา,2081,2203,573,589,765,804,203,220,79,92,10,11,0.0,0.0,0.0,0.0,0.0,0.0,286,316
663,2565,04,ปปส.ภาค 4,45,ร้อยเอ็ด,5699,5782,3273,3302,1499,1517,401,420,179,195,40,41,0.0,0.0,1.0,1.0,0.0,0.0,595,632
664,2565,08,ปปส.ภาค 8,85,ระนอง,1010,1083,455,488,377,403,110,121,73,96,9,9,0.0,0.0,0.0,0.0,0.0,0.0,185,219
665,2565,02,ปปส.ภาค 2,21,ระยอง,4622,4719,2479,2501,855,894,254,296,51,69,43,43,0.0,0.0,1.0,1.0,0.0,0.0,332,386
666,2565,07,ปปส.ภาค 7,70,ราชบุรี,4097,4159,2309,2324,770,774,392,418,106,118,87,87,0.0,0.0,0.0,0.0,0.0,0.0,570,609
667,2565,01,ปปส.ภาค 1,16,ลพบุรี,2968,3039,985,1004,906,922,253,272,106,119,39,39,1.0,1.0,0.0,0.0,0.0,0.0,375,408
668,2565,05,ปปส.ภาค 5,52,ลำปาง,4946,5061,2177,2205,1119,1135,380,409,174,195,533,534,1.0,1.0,0.0,0.0,0.0,0.0,1037,1083
669,2565,05,ปปส.ภาค 5,51,ลำพูน,3570,3627,2059,2071,566,573,187,208,75,91,177,177,0.0,0.0,0.0,0.0,0.0,0.0,401,431
670,2565,04,ปปส.ภาค 4,42,เลย,3698,3757,2443,2480,1611,1642,262,285,19,19,40,40,1.0,1.0,1.0,1.0,0.0,0.0,316,339
671,2565,03,ปปส.ภาค 3,33,ศรีสะเกษ,5577,5789,3301,3370,817,828,1026,1118,354,379,265,265,0.0,0.0,0.0,0.0,0.0,0.0,1538,1649
672,2565,04,ปปส.ภาค 4,47,สกลนคร,4523,4682,2531,2610,1595,1664,436,489,191,220,135,135,0.0,0.0,1.0,1.0,0.0,0.0,719,799
673,2565,09,ปปส.ภาค 9,90,สงขลา,9154,9517,5598,5810,2015,2168,527,619,153,177,71,71,0.0,0.0,0.0,0.0,0.0,0.0,734,851
674,2565,09,ปปส.ภาค 9,91,สตูล,1823,1917,1073,1123,519,566,139,156,5,6,19,19,0.0,0.0,0.0,0.0,0.0,0.0,160,177
675,2565,01,ปปส.ภาค 1,11,สมุทรปราการ,4608,4717,1953,1965,885,899,474,514,199,214,108,108,11.0,14.0,11.0,11.0,0.0,0.0,788,847
676,2565,07,ปปส.ภาค 7,75,สมุทรสงคราม,587,592,416,418,141,144,61,65,35,36,17,17,0.0,0.0,0.0,0.0,0.0,0.0,89,93
677,2565,07,ปปส.ภาค 7,74,สมุทรสาคร,1040,1074,105,105,238,239,221,236,18,26,38,38,0.0,0.0,0.0,0.0,0.0,0.0,273,295
678,2565,02,ปปส.ภาค 2,27,สระแก้ว,1746,1801,1025,1051,327,335,168,189,52,63,15,15,0.0,0.0,0.0,0.0,0.0,0.0,217,251
679,2565,01,ปปส.ภาค 1,19,สระบุรี,2929,3004,839,843,689,697,208,218,35,40,8,8,0.0,0.0,0.0,0.0,0.0,0.0,245,258
680,2565,01,ปปส.ภาค 1,17,สิงห์บุรี,935,944,493,498,268,270,74,77,26,28,5,5,0.0,0.0,0.0,0.0,0.0,0.0,96,100
681,2565,06,ปปส.ภาค 6,64,สุโขทัย,1511,1575,349,351,384,396,105,115,62,76,52,52,0.0,0.0,0.0,0.0,0.0,0.0,217,241
682,2565,07,ปปส.ภาค 7,72,สุพรรณบุรี,3666,3695,1258,1262,976,983,259,265,68,71,66,66,0.0,0.0,0.0,0.0,0.0,0.0,391,400
683,2565,08,ปปส.ภาค 8,84,สุราษฎร์ธานี,6186,6382,2742,2785,1407,1471,400,444,70,75,157,158,0.0,0.0,0.0,0.0,0.0,0.0,597,645
684,2565,03,ปปส.ภาค 3,32,สุรินทร์,2298,2573,1170,1261,247,261,400,505,434,539,223,223,1.0,1.0,0.0,0.0,0.0,0.0,949,1118
685,2565,04,ปปส.ภาค 4,43,หนองคาย,3868,3948,2020,2035,847,858,208,250,23,23,39,40,6.0,22.0,0.0,0.0,0.0,0.0,260,308
686,2565,04,ปปส.ภาค 4,39,หนองบัวลำภู,1774,1858,761,786,554,573,178,206,23,27,10,10,0.0,0.0,0.0,0.0,0.0,0.0,202,231
687,2565,01,ปปส.ภาค 1,15,อ่างทอง,1427,1464,784,787,423,424,150,169,75,83,6,6,0.0,0.0,0.0,0.0,0.0,0.0,220,245
688,2565,03,ปปส.ภาค 3,37,อำนาจเจริญ,2445,2511,1426,1451,344,349,290,327,75,91,52,52,1.0,1.0,0.0,0.0,0.0,0.0,378,419
689,2565,04,ปปส.ภาค 4,41,อุดรธานี,6895,6994,4430,4486,2256,2285,607,641,95,101,140,140,2.0,2.0,0.0,0.0,0.0,0.0,823,862
690,2565,06,ปปส.ภาค 6,53,อุตรดิตถ์,2094,2276,1217,1272,619,660,211,260,97,112,89,90,0.0,0.0,0.0,0.0,0.0,0.0,353,413
691,2565,06,ปปส.ภาค 6,61,อุทัยธานี,796,816,430,438,273,278,73,76,23,32,25,25,0.0,0.0,0.0,0.0,0.0,0.0,110,121
692,2565,03,ปปส.ภาค 3,34,อุบลราชธานี,5608,5749,3040,3079,772,789,858,908,566,582,331,331,5.0,8.0,1.0,1.0,0.0,0.0,1597,1665
