,lstrLevel,lsregion,lscc,lsccDesc,lsrcode,lsrcodeDesc,lsaa,lsaaDesc,lstt,lsttDesc,lsmm,lsmmDesc,lsyymm,lssumtotMale,lssumtotFemale,lssumtotTot
0,0,0,10,กรุงเทพมหานคร, , ,0, ,0, ,0, ,5012,2727574,2988674,5716248
1,0,0,11,จังหวัดสมุทรปราการ, , ,0, ,0, ,0, ,5012,547341,579599,1126940
2,0,0,12,จังหวัดนนทบุรี, , ,0, ,0, ,0, ,5012,484838,539353,1024191
3,0,0,13,จังหวัดปทุมธานี, , ,0, ,0, ,0, ,5012,428791,468052,896843
4,0,0,14,จังหวัดพระนครศรีอยุธยา, , ,0, ,0, ,0, ,5012,367673,393039,760712
5,0,0,15,จังหวัดอ่างทอง, , ,0, ,0, ,0, ,5012,136962,147444,284406
6,0,0,16,จังหวัดลพบุรี, , ,0, ,0, ,0, ,5012,375677,374144,749821
7,0,0,17,จังหวัดสิงห์บุรี, , ,0, ,0, ,0, ,5012,103166,112487,215653
8,0,0,18,จังหวัดชัยนาท, , ,0, ,0, ,0, ,5012,162947,174200,337147
9,0,0,19,จังหวัดสระบุรี, , ,0, ,0, ,0, ,5012,305056,310700,615756
10,0,0,20,จังหวัดชลบุรี, , ,0, ,0, ,0, ,5012,607029,626417,1233446
11,0,0,21,จังหวัดระยอง, , ,0, ,0, ,0, ,5012,288098,295372,583470
12,0,0,22,จังหวัดจันทบุรี, , ,0, ,0, ,0, ,5012,248842,255161,504003
13,0,0,23,จังหวัดตราด, , ,0, ,0, ,0, ,5012,110876,109667,220543
14,0,0,24,จังหวัดฉะเชิงเทรา, , ,0, ,0, ,0, ,5012,323500,335466,658966
15,0,0,25,จังหวัดปราจีนบุรี, , ,0, ,0, ,0, ,5012,225786,229202,454988
16,0,0,26,จังหวัดนครนายก, , ,0, ,0, ,0, ,5012,122765,125731,248496
17,0,0,27,จังหวัดสระแก้ว, , ,0, ,0, ,0, ,5012,271670,267467,539137
18,0,0,30,จังหวัดนครราชสีมา, , ,0, ,0, ,0, ,5012,1264118,1288776,2552894
19,0,0,31,จังหวัดบุรีรัมย์, , ,0, ,0, ,0, ,5012,766889,769181,1536070
20,0,0,32,จังหวัดสุรินทร์, , ,0, ,0, ,0, ,5012,686246,686426,1372672
21,0,0,33,จังหวัดศรีสะเกษ, , ,0, ,0, ,0, ,5012,721032,721979,1443011
22,0,0,34,จังหวัดอุบลราชธานี, , ,0, ,0, ,0, ,5012,895369,890340,1785709
23,0,0,35,จังหวัดยโสธร, , ,0, ,0, ,0, ,5012,270840,268702,539542
24,0,0,36,จังหวัดชัยภูมิ, , ,0, ,0, ,0, ,5012,557725,561872,1119597
25,0,0,37,จังหวัดอำนาจเจริญ, , ,0, ,0, ,0, ,5012,184913,184002,368915
26,0,0,39,จังหวัดหนองบัวลำภู, , ,0, ,0, ,0, ,5012,250386,247217,497603
27,0,0,40,จังหวัดขอนแก่น, , ,0, ,0, ,0, ,5012,869386,883028,1752414
28,0,0,41,จังหวัดอุดรธานี, , ,0, ,0, ,0, ,5012,765723,764963,1530686
29,0,0,42,จังหวัดเลย, , ,0, ,0, ,0, ,5012,311517,304021,615538
30,0,0,43,จังหวัดหนองคาย, , ,0, ,0, ,0, ,5012,453868,448750,902618
31,0,0,44,จังหวัดมหาสารคาม, , ,0, ,0, ,0, ,5012,463945,472060,936005
32,0,0,45,จังหวัดร้อยเอ็ด, , ,0, ,0, ,0, ,5012,653594,654995,1308589
33,0,0,46,จังหวัดกาฬสินธุ์, , ,0, ,0, ,0, ,5012,487574,489934,977508
34,0,0,47,จังหวัดสกลนคร, , ,0, ,0, ,0, ,5012,556088,556976,1113064
35,0,0,48,จังหวัดนครพนม, , ,0, ,0, ,0, ,5012,347294,349811,697105
36,0,0,49,จังหวัดมุกดาหาร, , ,0, ,0, ,0, ,5012,168517,167590,336107
37,0,0,50,จังหวัดเชียงใหม่, , ,0, ,0, ,0, ,5012,817524,846875,1664399
38,0,0,51,จังหวัดลำพูน, , ,0, ,0, ,0, ,5012,197719,207438,405157
39,0,0,52,จังหวัดลำปาง, , ,0, ,0, ,0, ,5012,380361,390252,770613
40,0,0,53,จังหวัดอุตรดิตถ์, , ,0, ,0, ,0, ,5012,229639,235638,465277
41,0,0,54,จังหวัดแพร่, , ,0, ,0, ,0, ,5012,227772,238104,465876
42,0,0,55,จังหวัดน่าน, , ,0, ,0, ,0, ,5012,240800,236581,477381
43,0,0,56,จังหวัดพะเยา, , ,0, ,0, ,0, ,5012,239393,247186,486579
44,0,0,57,จังหวัดเชียงราย, , ,0, ,0, ,0, ,5012,605963,619050,1225013
45,0,0,58,จังหวัดแม่ฮ่องสอน, , ,0, ,0, ,0, ,5012,131667,123137,254804
46,0,0,60,จังหวัดนครสวรรค์, , ,0, ,0, ,0, ,5012,526476,547207,1073683
47,0,0,61,จังหวัดอุทัยธานี, , ,0, ,0, ,0, ,5012,161146,165829,326975
48,0,0,62,จังหวัดกำแพงเพชร, , ,0, ,0, ,0, ,5012,361523,364471,725994
49,0,0,63,จังหวัดตาก, , ,0, ,0, ,0, ,5012,270657,260271,530928
50,0,0,64,จังหวัดสุโขทัย, , ,0, ,0, ,0, ,5012,295317,309984,605301
51,0,0,65,จังหวัดพิษณุโลก, , ,0, ,0, ,0, ,5012,414311,427372,841683
52,0,0,66,จังหวัดพิจิตร, , ,0, ,0, ,0, ,5012,271896,282844,554740
53,0,0,67,จังหวัดเพชรบูรณ์, , ,0, ,0, ,0, ,5012,496858,500673,997531
54,0,0,70,จังหวัดราชบุรี, , ,0, ,0, ,0, ,5012,407338,424100,831438
55,0,0,71,จังหวัดกาญจนบุรี, , ,0, ,0, ,0, ,5012,421707,413575,835282
56,0,0,72,จังหวัดสุพรรณบุรี, , ,0, ,0, ,0, ,5012,409096,433488,842584
57,0,0,73,จังหวัดนครปฐม, , ,0, ,0, ,0, ,5012,401245,429725,830970
58,0,0,74,จังหวัดสมุทรสาคร, , ,0, ,0, ,0, ,5012,228254,241680,469934
59,0,0,75,จังหวัดสมุทรสงคราม, , ,0, ,0, ,0, ,5012,93526,100686,194212
60,0,0,76,จังหวัดเพชรบุรี, , ,0, ,0, ,0, ,5012,220847,235214,456061
61,0,0,77,จังหวัดประจวบคีรีขันธ์, , ,0, ,0, ,0, ,5012,248290,246298,494588
62,0,0,80,จังหวัดนครศรีธรรมราช, , ,0, ,0, ,0, ,5012,749036,757961,1506997
63,0,0,81,จังหวัดกระบี่, , ,0, ,0, ,0, ,5012,206048,204586,410634
64,0,0,82,จังหวัดพังงา, , ,0, ,0, ,0, ,5012,123837,123050,246887
65,0,0,83,จังหวัดภูเก็ต, , ,0, ,0, ,0, ,5012,150473,165025,315498
66,0,0,84,จังหวัดสุราษฎร์ธานี, , ,0, ,0, ,0, ,5012,480958,489466,970424
67,0,0,85,จังหวัดระนอง, , ,0, ,0, ,0, ,5012,94437,86350,180787
68,0,0,86,จังหวัดชุมพร, , ,0, ,0, ,0, ,5012,240186,241112,481298
69,0,0,90,จังหวัดสงขลา, , ,0, ,0, ,0, ,5012,647820,677095,1324915
70,0,0,91,จังหวัดสตูล, , ,0, ,0, ,0, ,5012,141870,142612,284482
71,0,0,92,จังหวัดตรัง, , ,0, ,0, ,0, ,5012,300154,310178,610332
72,0,0,93,จังหวัดพัทลุง, , ,0, ,0, ,0, ,5012,246777,255786,502563
73,0,0,94,จังหวัดปัตตานี, , ,0, ,0, ,0, ,5012,314836,322970,637806
74,0,0,95,จังหวัดยะลา, , ,0, ,0, ,0, ,5012,234166,236525,470691
75,0,0,96,จังหวัดนราธิวาส, , ,0, ,0, ,0, ,5012,352404,359113,711517
0,0,0,10,กรุงเทพมหานคร, , ,0, ,0, ,0, ,5112,2722313,2988570,5710883
1,0,0,11,จังหวัดสมุทรปราการ, , ,0, ,0, ,0, ,5112,555811,591413,1147224
2,0,0,12,จังหวัดนนทบุรี, , ,0, ,0, ,0, ,5112,496958,555634,1052592
3,0,0,13,จังหวัดปทุมธานี, , ,0, ,0, ,0, ,5112,443191,486059,929250
4,0,0,14,จังหวัดพระนครศรีอยุธยา, , ,0, ,0, ,0, ,5112,371557,397569,769126
5,0,0,15,จังหวัดอ่างทอง, , ,0, ,0, ,0, ,5112,137052,147779,284831
6,0,0,16,จังหวัดลพบุรี, , ,0, ,0, ,0, ,5112,378455,375346,753801
7,0,0,17,จังหวัดสิงห์บุรี, , ,0, ,0, ,0, ,5112,103118,112433,215551
8,0,0,18,จังหวัดชัยนาท, , ,0, ,0, ,0, ,5112,162363,173589,335952
9,0,0,19,จังหวัดสระบุรี, , ,0, ,0, ,0, ,5112,308263,313377,621640
10,0,0,20,จังหวัดชลบุรี, , ,0, ,0, ,0, ,5112,621057,643630,1264687
11,0,0,21,จังหวัดระยอง, , ,0, ,0, ,0, ,5112,295424,303240,598664
12,0,0,22,จังหวัดจันทบุรี, , ,0, ,0, ,0, ,5112,250599,257421,508020
13,0,0,23,จังหวัดตราด, , ,0, ,0, ,0, ,5112,111466,110361,221827
14,0,0,24,จังหวัดฉะเชิงเทรา, , ,0, ,0, ,0, ,5112,326360,338470,664830
15,0,0,25,จังหวัดปราจีนบุรี, , ,0, ,0, ,0, ,5112,228083,231296,459379
16,0,0,26,จังหวัดนครนายก, , ,0, ,0, ,0, ,5112,124013,126740,250753
17,0,0,27,จังหวัดสระแก้ว, , ,0, ,0, ,0, ,5112,272874,268551,541425
18,0,0,30,จังหวัดนครราชสีมา, , ,0, ,0, ,0, ,5112,1269885,1295232,2565117
19,0,0,31,จังหวัดบุรีรัมย์, , ,0, ,0, ,0, ,5112,769670,771980,1541650
20,0,0,32,จังหวัดสุรินทร์, , ,0, ,0, ,0, ,5112,688142,687418,1375560
21,0,0,33,จังหวัดศรีสะเกษ, , ,0, ,0, ,0, ,5112,720138,721274,1441412
22,0,0,34,จังหวัดอุบลราชธานี, , ,0, ,0, ,0, ,5112,899951,895502,1795453
23,0,0,35,จังหวัดยโสธร, , ,0, ,0, ,0, ,5112,270801,268483,539284
24,0,0,36,จังหวัดชัยภูมิ, , ,0, ,0, ,0, ,5112,559298,563349,1122647
25,0,0,37,จังหวัดอำนาจเจริญ, , ,0, ,0, ,0, ,5112,185172,184304,369476
26,0,0,39,จังหวัดหนองบัวลำภู, , ,0, ,0, ,0, ,5112,251429,248091,499520
27,0,0,40,จังหวัดขอนแก่น, , ,0, ,0, ,0, ,5112,871047,885054,1756101
28,0,0,41,จังหวัดอุดรธานี, , ,0, ,0, ,0, ,5112,768122,767507,1535629
29,0,0,42,จังหวัดเลย, , ,0, ,0, ,0, ,5112,312942,305481,618423
30,0,0,43,จังหวัดหนองคาย, , ,0, ,0, ,0, ,5112,456068,450809,906877
31,0,0,44,จังหวัดมหาสารคาม, , ,0, ,0, ,0, ,5112,464579,472275,936854
32,0,0,45,จังหวัดร้อยเอ็ด, , ,0, ,0, ,0, ,5112,652862,654350,1307212
33,0,0,46,จังหวัดกาฬสินธุ์, , ,0, ,0, ,0, ,5112,488205,490378,978583
34,0,0,47,จังหวัดสกลนคร, , ,0, ,0, ,0, ,5112,558007,558027,1116034
35,0,0,48,จังหวัดนครพนม, , ,0, ,0, ,0, ,5112,348701,350663,699364
36,0,0,49,จังหวัดมุกดาหาร, , ,0, ,0, ,0, ,5112,169260,168237,337497
37,0,0,50,จังหวัดเชียงใหม่, , ,0, ,0, ,0, ,5112,819750,850567,1670317
38,0,0,51,จังหวัดลำพูน, , ,0, ,0, ,0, ,5112,197537,207588,405125
39,0,0,52,จังหวัดลำปาง, , ,0, ,0, ,0, ,5112,378744,388871,767615
40,0,0,53,จังหวัดอุตรดิตถ์, , ,0, ,0, ,0, ,5112,229207,234998,464205
41,0,0,54,จังหวัดแพร่, , ,0, ,0, ,0, ,5112,226466,237011,463477
42,0,0,55,จังหวัดน่าน, , ,0, ,0, ,0, ,5112,240113,235871,475984
43,0,0,56,จังหวัดพะเยา, , ,0, ,0, ,0, ,5112,239638,247748,487386
44,0,0,57,จังหวัดเชียงราย, , ,0, ,0, ,0, ,5112,606775,620542,1227317
45,0,0,58,จังหวัดแม่ฮ่องสอน, , ,0, ,0, ,0, ,5112,130571,122121,252692
46,0,0,60,จังหวัดนครสวรรค์, , ,0, ,0, ,0, ,5112,526705,547534,1074239
47,0,0,61,จังหวัดอุทัยธานี, , ,0, ,0, ,0, ,5112,161505,166081,327586
48,0,0,62,จังหวัดกำแพงเพชร, , ,0, ,0, ,0, ,5112,361532,364681,726213
49,0,0,63,จังหวัดตาก, , ,0, ,0, ,0, ,5112,274547,263783,538330
50,0,0,64,จังหวัดสุโขทัย, , ,0, ,0, ,0, ,5112,294657,309160,603817
51,0,0,65,จังหวัดพิษณุโลก, , ,0, ,0, ,0, ,5112,415106,428889,843995
52,0,0,66,จังหวัดพิจิตร, , ,0, ,0, ,0, ,5112,271599,282513,554112
53,0,0,67,จังหวัดเพชรบูรณ์, , ,0, ,0, ,0, ,5112,495968,500263,996231
54,0,0,70,จังหวัดราชบุรี, , ,0, ,0, ,0, ,5112,409115,426746,835861
55,0,0,71,จังหวัดกาญจนบุรี, , ,0, ,0, ,0, ,5112,423950,416955,840905
56,0,0,72,จังหวัดสุพรรณบุรี, , ,0, ,0, ,0, ,5112,410204,434294,844498
57,0,0,73,จังหวัดนครปฐม, , ,0, ,0, ,0, ,5112,406431,437168,843599
58,0,0,74,จังหวัดสมุทรสาคร, , ,0, ,0, ,0, ,5112,231803,246343,478146
59,0,0,75,จังหวัดสมุทรสงคราม, , ,0, ,0, ,0, ,5112,93331,100723,194054
60,0,0,76,จังหวัดเพชรบุรี, , ,0, ,0, ,0, ,5112,222421,236554,458975
61,0,0,77,จังหวัดประจวบคีรีขันธ์, , ,0, ,0, ,0, ,5112,251428,248950,500378
62,0,0,80,จังหวัดนครศรีธรรมราช, , ,0, ,0, ,0, ,5112,751827,761336,1513163
63,0,0,81,จังหวัดกระบี่, , ,0, ,0, ,0, ,5112,209827,208878,418705
64,0,0,82,จังหวัดพังงา, , ,0, ,0, ,0, ,5112,125420,124513,249933
65,0,0,83,จังหวัดภูเก็ต, , ,0, ,0, ,0, ,5112,155555,171451,327006
66,0,0,84,จังหวัดสุราษฎร์ธานี, , ,0, ,0, ,0, ,5112,487455,496031,983486
67,0,0,85,จังหวัดระนอง, , ,0, ,0, ,0, ,5112,95313,87416,182729
68,0,0,86,จังหวัดชุมพร, , ,0, ,0, ,0, ,5112,241801,242921,484722
69,0,0,90,จังหวัดสงขลา, , ,0, ,0, ,0, ,5112,652525,683243,1335768
70,0,0,91,จังหวัดสตูล, , ,0, ,0, ,0, ,5112,143816,144593,288409
71,0,0,92,จังหวัดตรัง, , ,0, ,0, ,0, ,5112,302348,312521,614869
72,0,0,93,จังหวัดพัทลุง, , ,0, ,0, ,0, ,5112,247998,257131,505129
73,0,0,94,จังหวัดปัตตานี, , ,0, ,0, ,0, ,5112,316986,325183,642169
74,0,0,95,จังหวัดยะลา, , ,0, ,0, ,0, ,5112,236178,239349,475527
75,0,0,96,จังหวัดนราธิวาส, , ,0, ,0, ,0, ,5112,356481,363449,719930
0,0,0,10,กรุงเทพมหานคร, , ,0, ,0, ,0, ,5212,2713535,2989060,5702595
1,0,0,11,จังหวัดสมุทรปราการ, , ,0, ,0, ,0, ,5212,562941,601164,1164105
2,0,0,12,จังหวัดนนทบุรี, , ,0, ,0, ,0, ,5212,507972,570099,1078071
3,0,0,13,จังหวัดปทุมธานี, , ,0, ,0, ,0, ,5212,455581,500795,956376
4,0,0,14,จังหวัดพระนครศรีอยุธยา, , ,0, ,0, ,0, ,5212,374605,400552,775157
5,0,0,15,จังหวัดอ่างทอง, , ,0, ,0, ,0, ,5212,136964,147843,284807
6,0,0,16,จังหวัดลพบุรี, , ,0, ,0, ,0, ,5212,378530,375922,754452
7,0,0,17,จังหวัดสิงห์บุรี, , ,0, ,0, ,0, ,5212,102993,112306,215299
8,0,0,18,จังหวัดชัยนาท, , ,0, ,0, ,0, ,5212,162077,173343,335420
9,0,0,19,จังหวัดสระบุรี, , ,0, ,0, ,0, ,5212,303324,309383,612707
10,0,0,20,จังหวัดชลบุรี, , ,0, ,0, ,0, ,5212,632356,657234,1289590
11,0,0,21,จังหวัดระยอง, , ,0, ,0, ,0, ,5212,301988,310107,612095
12,0,0,22,จังหวัดจันทบุรี, , ,0, ,0, ,0, ,5212,252229,259017,511246
13,0,0,23,จังหวัดตราด, , ,0, ,0, ,0, ,5212,110113,109895,220008
14,0,0,24,จังหวัดฉะเชิงเทรา, , ,0, ,0, ,0, ,5212,328304,340679,668983
15,0,0,25,จังหวัดปราจีนบุรี, , ,0, ,0, ,0, ,5212,229113,232741,461854
16,0,0,26,จังหวัดนครนายก, , ,0, ,0, ,0, ,5212,124542,127141,251683
17,0,0,27,จังหวัดสระแก้ว, , ,0, ,0, ,0, ,5212,273173,269278,542451
18,0,0,30,จังหวัดนครราชสีมา, , ,0, ,0, ,0, ,5212,1272264,1299028,2571292
19,0,0,31,จังหวัดบุรีรัมย์, , ,0, ,0, ,0, ,5212,772377,774407,1546784
20,0,0,32,จังหวัดสุรินทร์, , ,0, ,0, ,0, ,5212,689305,688522,1377827
21,0,0,33,จังหวัดศรีสะเกษ, , ,0, ,0, ,0, ,5212,722797,723548,1446345
22,0,0,34,จังหวัดอุบลราชธานี, , ,0, ,0, ,0, ,5212,904698,899056,1803754
23,0,0,35,จังหวัดยโสธร, , ,0, ,0, ,0, ,5212,270734,268400,539134
24,0,0,36,จังหวัดชัยภูมิ, , ,0, ,0, ,0, ,5212,560422,564744,1125166
25,0,0,37,จังหวัดอำนาจเจริญ, , ,0, ,0, ,0, ,5212,185893,184911,370804
26,0,0,39,จังหวัดหนองบัวลำภู, , ,0, ,0, ,0, ,5212,252118,248795,500913
27,0,0,40,จังหวัดขอนแก่น, , ,0, ,0, ,0, ,5212,873735,888507,1762242
28,0,0,41,จังหวัดอุดรธานี, , ,0, ,0, ,0, ,5212,769448,769492,1538940
29,0,0,42,จังหวัดเลย, , ,0, ,0, ,0, ,5212,314015,306765,620780
30,0,0,43,จังหวัดหนองคาย, , ,0, ,0, ,0, ,5212,456135,451115,907250
31,0,0,44,จังหวัดมหาสารคาม, , ,0, ,0, ,0, ,5212,465763,473327,939090
32,0,0,45,จังหวัดร้อยเอ็ด, , ,0, ,0, ,0, ,5212,653353,654806,1308159
33,0,0,46,จังหวัดกาฬสินธุ์, , ,0, ,0, ,0, ,5212,488433,491725,980158
34,0,0,47,จังหวัดสกลนคร, , ,0, ,0, ,0, ,5212,559179,559270,1118449
35,0,0,48,จังหวัดนครพนม, , ,0, ,0, ,0, ,5212,349523,351167,700690
36,0,0,49,จังหวัดมุกดาหาร, , ,0, ,0, ,0, ,5212,169487,168561,338048
37,0,0,50,จังหวัดเชียงใหม่, , ,0, ,0, ,0, ,5212,797521,835027,1632548
38,0,0,51,จังหวัดลำพูน, , ,0, ,0, ,0, ,5212,197278,207415,404693
39,0,0,52,จังหวัดลำปาง, , ,0, ,0, ,0, ,5212,376892,387606,764498
40,0,0,53,จังหวัดอุตรดิตถ์, , ,0, ,0, ,0, ,5212,228418,234533,462951
41,0,0,54,จังหวัดแพร่, , ,0, ,0, ,0, ,5212,225501,236589,462090
42,0,0,55,จังหวัดน่าน, , ,0, ,0, ,0, ,5212,239911,235703,475614
43,0,0,56,จังหวัดพะเยา, , ,0, ,0, ,0, ,5212,238967,248153,487120
44,0,0,57,จังหวัดเชียงราย, , ,0, ,0, ,0, ,5212,588850,606083,1194933
45,0,0,58,จังหวัดแม่ฮ่องสอน, , ,0, ,0, ,0, ,5212,124211,117636,241847
46,0,0,60,จังหวัดนครสวรรค์, , ,0, ,0, ,0, ,5212,525884,546984,1072868
47,0,0,61,จังหวัดอุทัยธานี, , ,0, ,0, ,0, ,5212,161568,166303,327871
48,0,0,62,จังหวัดกำแพงเพชร, , ,0, ,0, ,0, ,5212,361792,365054,726846
49,0,0,63,จังหวัดตาก, , ,0, ,0, ,0, ,5212,263552,256110,519662
50,0,0,64,จังหวัดสุโขทัย, , ,0, ,0, ,0, ,5212,294276,308537,602813
51,0,0,65,จังหวัดพิษณุโลก, , ,0, ,0, ,0, ,5212,415593,429968,845561
52,0,0,66,จังหวัดพิจิตร, , ,0, ,0, ,0, ,5212,271071,282122,553193
53,0,0,67,จังหวัดเพชรบูรณ์, , ,0, ,0, ,0, ,5212,495265,499860,995125
54,0,0,70,จังหวัดราชบุรี, , ,0, ,0, ,0, ,5212,407853,427378,835231
55,0,0,71,จังหวัดกาญจนบุรี, , ,0, ,0, ,0, ,5212,418955,414468,833423
56,0,0,72,จังหวัดสุพรรณบุรี, , ,0, ,0, ,0, ,5212,409863,434727,844590
57,0,0,73,จังหวัดนครปฐม, , ,0, ,0, ,0, ,5212,409304,442122,851426
58,0,0,74,จังหวัดสมุทรสาคร, , ,0, ,0, ,0, ,5212,234714,249892,484606
59,0,0,75,จังหวัดสมุทรสงคราม, , ,0, ,0, ,0, ,5212,93204,100443,193647
60,0,0,76,จังหวัดเพชรบุรี, , ,0, ,0, ,0, ,5212,223464,237775,461239
61,0,0,77,จังหวัดประจวบคีรีขันธ์, , ,0, ,0, ,0, ,5212,253100,250963,504063
62,0,0,80,จังหวัดนครศรีธรรมราช, , ,0, ,0, ,0, ,5212,753196,763303,1516499
63,0,0,81,จังหวัดกระบี่, , ,0, ,0, ,0, ,5212,213464,213092,426556
64,0,0,82,จังหวัดพังงา, , ,0, ,0, ,0, ,5212,126273,125384,251657
65,0,0,83,จังหวัดภูเก็ต, , ,0, ,0, ,0, ,5212,159526,176387,335913
66,0,0,84,จังหวัดสุราษฎร์ธานี, , ,0, ,0, ,0, ,5212,492369,501852,994221
67,0,0,85,จังหวัดระนอง, , ,0, ,0, ,0, ,5212,94466,87288,181754
68,0,0,86,จังหวัดชุมพร, , ,0, ,0, ,0, ,5212,242915,244829,487744
69,0,0,90,จังหวัดสงขลา, , ,0, ,0, ,0, ,5212,656113,687841,1343954
70,0,0,91,จังหวัดสตูล, , ,0, ,0, ,0, ,5212,146298,146803,293101
71,0,0,92,จังหวัดตรัง, , ,0, ,0, ,0, ,5212,304155,314520,618675
72,0,0,93,จังหวัดพัทลุง, , ,0, ,0, ,0, ,5212,249171,258606,507777
73,0,0,94,จังหวัดปัตตานี, , ,0, ,0, ,0, ,5212,319542,328082,647624
74,0,0,95,จังหวัดยะลา, , ,0, ,0, ,0, ,5212,238215,242119,480334
75,0,0,96,จังหวัดนราธิวาส, , ,0, ,0, ,0, ,5212,360367,367704,728071
0,0,0,10,กรุงเทพมหานคร, , ,0, ,0, ,0, ,5312,2709568,2991826,5701394
1,0,0,11,จังหวัดสมุทรปราการ, , ,0, ,0, ,0, ,5312,572079,613101,1185180
2,0,0,12,จังหวัดนนทบุรี, , ,0, ,0, ,0, ,5312,518161,583582,1101743
3,0,0,13,จังหวัดปทุมธานี, , ,0, ,0, ,0, ,5312,469034,516609,985643
4,0,0,14,จังหวัดพระนครศรีอยุธยา, , ,0, ,0, ,0, ,5312,377833,404263,782096
5,0,0,15,จังหวัดอ่างทอง, , ,0, ,0, ,0, ,5312,136825,148145,284970
6,0,0,16,จังหวัดลพบุรี, , ,0, ,0, ,0, ,5312,379370,376484,755854
7,0,0,17,จังหวัดสิงห์บุรี, , ,0, ,0, ,0, ,5312,102606,112055,214661
8,0,0,18,จังหวัดชัยนาท, , ,0, ,0, ,0, ,5312,161719,173215,334934
9,0,0,19,จังหวัดสระบุรี, , ,0, ,0, ,0, ,5312,305472,311912,617384
10,0,0,20,จังหวัดชลบุรี, , ,0, ,0, ,0, ,5312,646266,670027,1316293
11,0,0,21,จังหวัดระยอง, , ,0, ,0, ,0, ,5312,309014,317388,626402
12,0,0,22,จังหวัดจันทบุรี, , ,0, ,0, ,0, ,5312,253618,260998,514616
13,0,0,23,จังหวัดตราด, , ,0, ,0, ,0, ,5312,110429,110492,220921
14,0,0,24,จังหวัดฉะเชิงเทรา, , ,0, ,0, ,0, ,5312,330716,343217,673933
15,0,0,25,จังหวัดปราจีนบุรี, , ,0, ,0, ,0, ,5312,231513,235059,466572
16,0,0,26,จังหวัดนครนายก, , ,0, ,0, ,0, ,5312,125113,127621,252734
17,0,0,27,จังหวัดสระแก้ว, , ,0, ,0, ,0, ,5312,273726,270374,544100
18,0,0,30,จังหวัดนครราชสีมา, , ,0, ,0, ,0, ,5312,1277333,1304756,2582089
19,0,0,31,จังหวัดบุรีรัมย์, , ,0, ,0, ,0, ,5312,775766,777999,1553765
20,0,0,32,จังหวัดสุรินทร์, , ,0, ,0, ,0, ,5312,691425,690336,1381761
21,0,0,33,จังหวัดศรีสะเกษ, , ,0, ,0, ,0, ,5312,726272,726199,1452471
22,0,0,34,จังหวัดอุบลราชธานี, , ,0, ,0, ,0, ,5312,909405,903683,1813088
23,0,0,35,จังหวัดยโสธร, , ,0, ,0, ,0, ,5312,270682,268575,539257
24,0,0,36,จังหวัดชัยภูมิ, , ,0, ,0, ,0, ,5312,561146,566277,1127423
25,0,0,37,จังหวัดอำนาจเจริญ, , ,0, ,0, ,0, ,5312,186567,185570,372137
26,0,0,39,จังหวัดหนองบัวลำภู, , ,0, ,0, ,0, ,5312,253003,249865,502868
27,0,0,40,จังหวัดขอนแก่น, , ,0, ,0, ,0, ,5312,876252,891349,1767601
28,0,0,41,จังหวัดอุดรธานี, , ,0, ,0, ,0, ,5312,771770,773016,1544786
29,0,0,42,จังหวัดเลย, , ,0, ,0, ,0, ,5312,315502,308564,624066
30,0,0,43,จังหวัดหนองคาย, , ,0, ,0, ,0, ,5312,458891,454046,912937
31,0,0,44,จังหวัดมหาสารคาม, , ,0, ,0, ,0, ,5312,466552,474359,940911
32,0,0,45,จังหวัดร้อยเอ็ด, , ,0, ,0, ,0, ,5312,653903,655805,1309708
33,0,0,46,จังหวัดกาฬสินธุ์, , ,0, ,0, ,0, ,5312,489436,493142,982578
34,0,0,47,จังหวัดสกลนคร, , ,0, ,0, ,0, ,5312,561472,561433,1122905
35,0,0,48,จังหวัดนครพนม, , ,0, ,0, ,0, ,5312,351005,352387,703392
36,0,0,49,จังหวัดมุกดาหาร, , ,0, ,0, ,0, ,5312,170327,169248,339575
37,0,0,50,จังหวัดเชียงใหม่, , ,0, ,0, ,0, ,5312,800883,839596,1640479
38,0,0,51,จังหวัดลำพูน, , ,0, ,0, ,0, ,5312,196868,207692,404560
39,0,0,52,จังหวัดลำปาง, , ,0, ,0, ,0, ,5312,375342,386607,761949
40,0,0,53,จังหวัดอุตรดิตถ์, , ,0, ,0, ,0, ,5312,228185,234433,462618
41,0,0,54,จังหวัดแพร่, , ,0, ,0, ,0, ,5312,224643,236113,460756
42,0,0,55,จังหวัดน่าน, , ,0, ,0, ,0, ,5312,240280,236083,476363
43,0,0,56,จังหวัดพะเยา, , ,0, ,0, ,0, ,5312,238358,247946,486304
44,0,0,57,จังหวัดเชียงราย, , ,0, ,0, ,0, ,5312,589890,608328,1198218
45,0,0,58,จังหวัดแม่ฮ่องสอน, , ,0, ,0, ,0, ,5312,124594,118148,242742
46,0,0,60,จังหวัดนครสวรรค์, , ,0, ,0, ,0, ,5312,525861,547634,1073495
47,0,0,61,จังหวัดอุทัยธานี, , ,0, ,0, ,0, ,5312,161373,166586,327959
48,0,0,62,จังหวัดกำแพงเพชร, , ,0, ,0, ,0, ,5312,361676,365417,727093
49,0,0,63,จังหวัดตาก, , ,0, ,0, ,0, ,5312,266564,259120,525684
50,0,0,64,จังหวัดสุโขทัย, , ,0, ,0, ,0, ,5312,293929,307849,601778
51,0,0,65,จังหวัดพิษณุโลก, , ,0, ,0, ,0, ,5312,417293,432399,849692
52,0,0,66,จังหวัดพิจิตร, , ,0, ,0, ,0, ,5312,270952,281738,552690
53,0,0,67,จังหวัดเพชรบูรณ์, , ,0, ,0, ,0, ,5312,495649,500382,996031
54,0,0,70,จังหวัดราชบุรี, , ,0, ,0, ,0, ,5312,409599,429476,839075
55,0,0,71,จังหวัดกาญจนบุรี, , ,0, ,0, ,0, ,5312,422162,417614,839776
56,0,0,72,จังหวัดสุพรรณบุรี, , ,0, ,0, ,0, ,5312,410529,435321,845850
57,0,0,73,จังหวัดนครปฐม, , ,0, ,0, ,0, ,5312,413065,447181,860246
58,0,0,74,จังหวัดสมุทรสาคร, , ,0, ,0, ,0, ,5312,237906,253981,491887
59,0,0,75,จังหวัดสมุทรสงคราม, , ,0, ,0, ,0, ,5312,93405,100652,194057
60,0,0,76,จังหวัดเพชรบุรี, , ,0, ,0, ,0, ,5312,224860,239173,464033
61,0,0,77,จังหวัดประจวบคีรีขันธ์, , ,0, ,0, ,0, ,5312,255584,253550,509134
62,0,0,80,จังหวัดนครศรีธรรมราช, , ,0, ,0, ,0, ,5312,755601,766960,1522561
63,0,0,81,จังหวัดกระบี่, , ,0, ,0, ,0, ,5312,216393,216311,432704
64,0,0,82,จังหวัดพังงา, , ,0, ,0, ,0, ,5312,126939,126173,253112
65,0,0,83,จังหวัดภูเก็ต, , ,0, ,0, ,0, ,5312,163682,181385,345067
66,0,0,84,จังหวัดสุราษฎร์ธานี, , ,0, ,0, ,0, ,5312,494825,505558,1000383
67,0,0,85,จังหวัดระนอง, , ,0, ,0, ,0, ,5312,95093,87986,183079
68,0,0,86,จังหวัดชุมพร, , ,0, ,0, ,0, ,5312,243594,246370,489964
69,0,0,90,จังหวัดสงขลา, , ,0, ,0, ,0, ,5312,662475,694548,1357023
70,0,0,91,จังหวัดสตูล, , ,0, ,0, ,0, ,5312,148269,148894,297163
71,0,0,92,จังหวัดตรัง, , ,0, ,0, ,0, ,5312,305678,316981,622659
72,0,0,93,จังหวัดพัทลุง, , ,0, ,0, ,0, ,5312,249791,259743,509534
73,0,0,94,จังหวัดปัตตานี, , ,0, ,0, ,0, ,5312,323573,331686,655259
74,0,0,95,จังหวัดยะลา, , ,0, ,0, ,0, ,5312,241769,245611,487380
75,0,0,96,จังหวัดนราธิวาส, , ,0, ,0, ,0, ,5312,364898,372264,737162
0,0,0,10,กรุงเทพมหานคร, , ,0, ,0, ,0, ,5412,2692954,2981889,5674843
1,0,0,11,จังหวัดสมุทรปราการ, , ,0, ,0, ,0, ,5412,579927,623296,1203223
2,0,0,12,จังหวัดนนทบุรี, , ,0, ,0, ,0, ,5412,527269,595358,1122627
3,0,0,13,จังหวัดปทุมธานี, , ,0, ,0, ,0, ,5412,480467,530431,1010898
4,0,0,14,จังหวัดพระนครศรีอยุธยา, , ,0, ,0, ,0, ,5412,380310,407343,787653
5,0,0,15,จังหวัดอ่างทอง, , ,0, ,0, ,0, ,5412,136354,147707,284061
6,0,0,16,จังหวัดลพบุรี, , ,0, ,0, ,0, ,5412,379805,376322,756127
7,0,0,17,จังหวัดสิงห์บุรี, , ,0, ,0, ,0, ,5412,101932,111655,213587
8,0,0,18,จังหวัดชัยนาท, , ,0, ,0, ,0, ,5412,160884,172372,333256
9,0,0,19,จังหวัดสระบุรี, , ,0, ,0, ,0, ,5412,306986,313468,620454
10,0,0,20,จังหวัดชลบุรี, , ,0, ,0, ,0, ,5412,656537,682119,1338656
11,0,0,21,จังหวัดระยอง, , ,0, ,0, ,0, ,5412,314392,323344,637736
12,0,0,22,จังหวัดจันทบุรี, , ,0, ,0, ,0, ,5412,254516,262339,516855
13,0,0,23,จังหวัดตราด, , ,0, ,0, ,0, ,5412,110801,111212,222013
14,0,0,24,จังหวัดฉะเชิงเทรา, , ,0, ,0, ,0, ,5412,333151,346219,679370
15,0,0,25,จังหวัดปราจีนบุรี, , ,0, ,0, ,0, ,5412,232784,236868,469652
16,0,0,26,จังหวัดนครนายก, , ,0, ,0, ,0, ,5412,125631,128200,253831
17,0,0,27,จังหวัดสระแก้ว, , ,0, ,0, ,0, ,5412,274286,271310,545596
18,0,0,30,จังหวัดนครราชสีมา, , ,0, ,0, ,0, ,5412,1278327,1306998,2585325
19,0,0,31,จังหวัดบุรีรัมย์, , ,0, ,0, ,0, ,5412,778059,781026,1559085
20,0,0,32,จังหวัดสุรินทร์, , ,0, ,0, ,0, ,5412,690644,689755,1380399
21,0,0,33,จังหวัดศรีสะเกษ, , ,0, ,0, ,0, ,5412,726173,726030,1452203
22,0,0,34,จังหวัดอุบลราชธานี, , ,0, ,0, ,0, ,5412,911101,904956,1816057
23,0,0,35,จังหวัดยโสธร, , ,0, ,0, ,0, ,5412,270306,268547,538853
24,0,0,36,จังหวัดชัยภูมิ, , ,0, ,0, ,0, ,5412,560672,566751,1127423
25,0,0,37,จังหวัดอำนาจเจริญ, , ,0, ,0, ,0, ,5412,186476,185765,372241
26,0,0,38,จังหวัดบึงกาฬ, , ,0, ,0, ,0, ,5412,205647,201987,407634
27,0,0,39,จังหวัดหนองบัวลำภู, , ,0, ,0, ,0, ,5412,252496,250055,502551
28,0,0,40,จังหวัดขอนแก่น, , ,0, ,0, ,0, ,5412,875013,891053,1766066
29,0,0,41,จังหวัดอุดรธานี, , ,0, ,0, ,0, ,5412,772960,775147,1548107
30,0,0,42,จังหวัดเลย, , ,0, ,0, ,0, ,5412,315516,309404,624920
31,0,0,43,จังหวัดหนองคาย, , ,0, ,0, ,0, ,5412,255256,254614,509870
32,0,0,44,จังหวัดมหาสารคาม, , ,0, ,0, ,0, ,5412,465768,473968,939736
33,0,0,45,จังหวัดร้อยเอ็ด, , ,0, ,0, ,0, ,5412,651054,654004,1305058
34,0,0,46,จังหวัดกาฬสินธุ์, , ,0, ,0, ,0, ,5412,489082,492573,981655
35,0,0,47,จังหวัดสกลนคร, , ,0, ,0, ,0, ,5412,561563,561788,1123351
36,0,0,48,จังหวัดนครพนม, , ,0, ,0, ,0, ,5412,351819,352949,704768
37,0,0,49,จังหวัดมุกดาหาร, , ,0, ,0, ,0, ,5412,170814,169767,340581
38,0,0,50,จังหวัดเชียงใหม่, , ,0, ,0, ,0, ,5412,802823,843321,1646144
39,0,0,51,จังหวัดลำพูน, , ,0, ,0, ,0, ,5412,196509,207443,403952
40,0,0,52,จังหวัดลำปาง, , ,0, ,0, ,0, ,5412,373104,384430,757534
41,0,0,53,จังหวัดอุตรดิตถ์, , ,0, ,0, ,0, ,5412,227307,233733,461040
42,0,0,54,จังหวัดแพร่, , ,0, ,0, ,0, ,5412,223491,235259,458750
43,0,0,55,จังหวัดน่าน, , ,0, ,0, ,0, ,5412,240465,236147,476612
44,0,0,56,จังหวัดพะเยา, , ,0, ,0, ,0, ,5412,238346,248126,486472
45,0,0,57,จังหวัดเชียงราย, , ,0, ,0, ,0, ,5412,589759,608897,1198656
46,0,0,58,จังหวัดแม่ฮ่องสอน, , ,0, ,0, ,0, ,5412,125240,118808,244048
47,0,0,60,จังหวัดนครสวรรค์, , ,0, ,0, ,0, ,5412,524806,546880,1071686
48,0,0,61,จังหวัดอุทัยธานี, , ,0, ,0, ,0, ,5412,161334,166700,328034
49,0,0,62,จังหวัดกำแพงเพชร, , ,0, ,0, ,0, ,5412,360906,365103,726009
50,0,0,63,จังหวัดตาก, , ,0, ,0, ,0, ,5412,269370,261648,531018
51,0,0,64,จังหวัดสุโขทัย, , ,0, ,0, ,0, ,5412,293624,307880,601504
52,0,0,65,จังหวัดพิษณุโลก, , ,0, ,0, ,0, ,5412,418328,433029,851357
53,0,0,66,จังหวัดพิจิตร, , ,0, ,0, ,0, ,5412,269338,280350,549688
54,0,0,67,จังหวัดเพชรบูรณ์, , ,0, ,0, ,0, ,5412,492922,497885,990807
55,0,0,70,จังหวัดราชบุรี, , ,0, ,0, ,0, ,5412,411063,431621,842684
56,0,0,71,จังหวัดกาญจนบุรี, , ,0, ,0, ,0, ,5412,421782,417132,838914
57,0,0,72,จังหวัดสุพรรณบุรี, , ,0, ,0, ,0, ,5412,409641,435412,845053
58,0,0,73,จังหวัดนครปฐม, , ,0, ,0, ,0, ,5412,415745,450319,866064
59,0,0,74,จังหวัดสมุทรสาคร, , ,0, ,0, ,0, ,5412,241183,257915,499098
60,0,0,75,จังหวัดสมุทรสงคราม, , ,0, ,0, ,0, ,5412,93302,100784,194086
61,0,0,76,จังหวัดเพชรบุรี, , ,0, ,0, ,0, ,5412,225884,240195,466079
62,0,0,77,จังหวัดประจวบคีรีขันธ์, , ,0, ,0, ,0, ,5412,256429,256139,512568
63,0,0,80,จังหวัดนครศรีธรรมราช, , ,0, ,0, ,0, ,5412,757150,768921,1526071
64,0,0,81,จังหวัดกระบี่, , ,0, ,0, ,0, ,5412,218708,219331,438039
65,0,0,82,จังหวัดพังงา, , ,0, ,0, ,0, ,5412,127682,127249,254931
66,0,0,83,จังหวัดภูเก็ต, , ,0, ,0, ,0, ,5412,167370,186477,353847
67,0,0,84,จังหวัดสุราษฎร์ธานี, , ,0, ,0, ,0, ,5412,500121,511943,1012064
68,0,0,85,จังหวัดระนอง, , ,0, ,0, ,0, ,5412,95317,88532,183849
69,0,0,86,จังหวัดชุมพร, , ,0, ,0, ,0, ,5412,244542,247640,492182
70,0,0,90,จังหวัดสงขลา, , ,0, ,0, ,0, ,5412,667250,699760,1367010
71,0,0,91,จังหวัดสตูล, , ,0, ,0, ,0, ,5412,150319,151148,301467
72,0,0,92,จังหวัดตรัง, , ,0, ,0, ,0, ,5412,307422,319286,626708
73,0,0,93,จังหวัดพัทลุง, , ,0, ,0, ,0, ,5412,250280,260783,511063
74,0,0,94,จังหวัดปัตตานี, , ,0, ,0, ,0, ,5412,327632,335853,663485
75,0,0,95,จังหวัดยะลา, , ,0, ,0, ,0, ,5412,244903,248864,493767
76,0,0,96,จังหวัดนราธิวาส, , ,0, ,0, ,0, ,5412,370019,377353,747372
0,0,0,10,กรุงเทพมหานคร, , ,0, ,0, ,0, ,5512,2690754,2982806,5673560
1,0,0,11,จังหวัดสมุทรปราการ, , ,0, ,0, ,0, ,5512,588975,634327,1223302
2,0,0,12,จังหวัดนนทบุรี, , ,0, ,0, ,0, ,5512,535711,605962,1141673
3,0,0,13,จังหวัดปทุมธานี, , ,0, ,0, ,0, ,5512,491124,542713,1033837
4,0,0,14,จังหวัดพระนครศรีอยุธยา, , ,0, ,0, ,0, ,5512,382941,410568,793509
5,0,0,15,จังหวัดอ่างทอง, , ,0, ,0, ,0, ,5512,136201,147681,283882
6,0,0,16,จังหวัดลพบุรี, , ,0, ,0, ,0, ,5512,380621,377438,758059
7,0,0,17,จังหวัดสิงห์บุรี, , ,0, ,0, ,0, ,5512,101743,111473,213216
8,0,0,18,จังหวัดชัยนาท, , ,0, ,0, ,0, ,5512,160769,172403,333172
9,0,0,19,จังหวัดสระบุรี, , ,0, ,0, ,0, ,5512,309848,315841,625689
10,0,0,20,จังหวัดชลบุรี, , ,0, ,0, ,0, ,5512,668744,695258,1364002
11,0,0,21,จังหวัดระยอง, , ,0, ,0, ,0, ,5512,319869,329406,649275
12,0,0,22,จังหวัดจันทบุรี, , ,0, ,0, ,0, ,5512,256690,265122,521812
13,0,0,23,จังหวัดตราด, , ,0, ,0, ,0, ,5512,111235,111620,222855
14,0,0,24,จังหวัดฉะเชิงเทรา, , ,0, ,0, ,0, ,5512,335983,349738,685721
15,0,0,25,จังหวัดปราจีนบุรี, , ,0, ,0, ,0, ,5512,234870,238900,473770
16,0,0,26,จังหวัดนครนายก, , ,0, ,0, ,0, ,5512,126351,128823,255174
17,0,0,27,จังหวัดสระแก้ว, , ,0, ,0, ,0, ,5512,275572,272770,548342
18,0,0,30,จังหวัดนครราชสีมา, , ,0, ,0, ,0, ,5512,1286164,1315003,2601167
19,0,0,31,จังหวัดบุรีรัมย์, , ,0, ,0, ,0, ,5512,781850,784890,1566740
20,0,0,32,จังหวัดสุรินทร์, , ,0, ,0, ,0, ,5512,693423,692854,1386277
21,0,0,33,จังหวัดศรีสะเกษ, , ,0, ,0, ,0, ,5512,729197,729173,1458370
22,0,0,34,จังหวัดอุบลราชธานี, , ,0, ,0, ,0, ,5512,916604,910316,1826920
23,0,0,35,จังหวัดยโสธร, , ,0, ,0, ,0, ,5512,270973,269294,540267
24,0,0,36,จังหวัดชัยภูมิ, , ,0, ,0, ,0, ,5512,563323,569711,1133034
25,0,0,37,จังหวัดอำนาจเจริญ, , ,0, ,0, ,0, ,5512,187031,186463,373494
26,0,0,38,จังหวัดบึงกาฬ, , ,0, ,0, ,0, ,5512,207932,204681,412613
27,0,0,39,จังหวัดหนองบัวลำภู, , ,0, ,0, ,0, ,5512,253750,251321,505071
28,0,0,40,จังหวัดขอนแก่น, , ,0, ,0, ,0, ,5512,879360,895456,1774816
29,0,0,41,จังหวัดอุดรธานี, , ,0, ,0, ,0, ,5512,777179,780119,1557298
30,0,0,42,จังหวัดเลย, , ,0, ,0, ,0, ,5512,317859,311928,629787
31,0,0,43,จังหวัดหนองคาย, , ,0, ,0, ,0, ,5512,256372,256067,512439
32,0,0,44,จังหวัดมหาสารคาม, , ,0, ,0, ,0, ,5512,467530,477619,945149
33,0,0,45,จังหวัดร้อยเอ็ด, , ,0, ,0, ,0, ,5512,652498,656072,1308570
34,0,0,46,จังหวัดกาฬสินธุ์, , ,0, ,0, ,0, ,5512,490617,494467,985084
35,0,0,47,จังหวัดสกลนคร, , ,0, ,0, ,0, ,5512,564186,564988,1129174
36,0,0,48,จังหวัดนครพนม, , ,0, ,0, ,0, ,5512,353589,354761,708350
37,0,0,49,จังหวัดมุกดาหาร, , ,0, ,0, ,0, ,5512,171947,170921,342868
38,0,0,50,จังหวัดเชียงใหม่, , ,0, ,0, ,0, ,5512,806720,848922,1655642
39,0,0,51,จังหวัดลำพูน, , ,0, ,0, ,0, ,5512,196622,208051,404673
40,0,0,52,จังหวัดลำปาง, , ,0, ,0, ,0, ,5512,372756,384055,756811
41,0,0,53,จังหวัดอุตรดิตถ์, , ,0, ,0, ,0, ,5512,227281,234013,461294
42,0,0,54,จังหวัดแพร่, , ,0, ,0, ,0, ,5512,222570,235037,457607
43,0,0,55,จังหวัดน่าน, , ,0, ,0, ,0, ,5512,240868,236805,477673
44,0,0,56,จังหวัดพะเยา, , ,0, ,0, ,0, ,5512,238646,249474,488120
45,0,0,57,จังหวัดเชียงราย, , ,0, ,0, ,0, ,5512,590446,609977,1200423
46,0,0,58,จังหวัดแม่ฮ่องสอน, , ,0, ,0, ,0, ,5512,125162,119194,244356
47,0,0,60,จังหวัดนครสวรรค์, , ,0, ,0, ,0, ,5512,525569,547778,1073347
48,0,0,61,จังหวัดอุทัยธานี, , ,0, ,0, ,0, ,5512,161735,167215,328950
49,0,0,62,จังหวัดกำแพงเพชร, , ,0, ,0, ,0, ,5512,361511,366044,727555
50,0,0,63,จังหวัดตาก, , ,0, ,0, ,0, ,5512,265492,260553,526045
51,0,0,64,จังหวัดสุโขทัย, , ,0, ,0, ,0, ,5512,293990,308611,602601
52,0,0,65,จังหวัดพิษณุโลก, , ,0, ,0, ,0, ,5512,419826,434546,854372
53,0,0,66,จังหวัดพิจิตร, , ,0, ,0, ,0, ,5512,269192,280203,549395
54,0,0,67,จังหวัดเพชรบูรณ์, , ,0, ,0, ,0, ,5512,494058,499644,993702
55,0,0,70,จังหวัดราชบุรี, , ,0, ,0, ,0, ,5512,412906,433725,846631
56,0,0,71,จังหวัดกาญจนบุรี, , ,0, ,0, ,0, ,5512,420467,417802,838269
57,0,0,72,จังหวัดสุพรรณบุรี, , ,0, ,0, ,0, ,5512,410612,436696,847308
58,0,0,73,จังหวัดนครปฐม, , ,0, ,0, ,0, ,5512,420026,454590,874616
59,0,0,74,จังหวัดสมุทรสาคร, , ,0, ,0, ,0, ,5512,245830,262982,508812
60,0,0,75,จังหวัดสมุทรสงคราม, , ,0, ,0, ,0, ,5512,93217,100825,194042
61,0,0,76,จังหวัดเพชรบุรี, , ,0, ,0, ,0, ,5512,227095,241779,468874
62,0,0,77,จังหวัดประจวบคีรีขันธ์, , ,0, ,0, ,0, ,5512,258085,258965,517050
63,0,0,80,จังหวัดนครศรีธรรมราช, , ,0, ,0, ,0, ,5512,760997,773890,1534887
64,0,0,81,จังหวัดกระบี่, , ,0, ,0, ,0, ,5512,221906,223061,444967
65,0,0,82,จังหวัดพังงา, , ,0, ,0, ,0, ,5512,128842,128651,257493
66,0,0,83,จังหวัดภูเก็ต, , ,0, ,0, ,0, ,5512,170766,190139,360905
67,0,0,84,จังหวัดสุราษฎร์ธานี, , ,0, ,0, ,0, ,5512,505556,517732,1023288
68,0,0,85,จังหวัดระนอง, , ,0, ,0, ,0, ,5512,94160,88488,182648
69,0,0,86,จังหวัดชุมพร, , ,0, ,0, ,0, ,5512,245973,249337,495310
70,0,0,90,จังหวัดสงขลา, , ,0, ,0, ,0, ,5512,672775,705799,1378574
71,0,0,91,จังหวัดสตูล, , ,0, ,0, ,0, ,5512,152420,153459,305879
72,0,0,92,จังหวัดตรัง, , ,0, ,0, ,0, ,5512,309729,322191,631920
73,0,0,93,จังหวัดพัทลุง, , ,0, ,0, ,0, ,5512,251650,262842,514492
74,0,0,94,จังหวัดปัตตานี, , ,0, ,0, ,0, ,5512,332109,339506,671615
75,0,0,95,จังหวัดยะลา, , ,0, ,0, ,0, ,5512,248437,252377,500814
76,0,0,96,จังหวัดนราธิวาส, , ,0, ,0, ,0, ,5512,375340,382057,757397
0,0,0,10,กรุงเทพมหานคร, , ,0, ,0, ,0, ,5612,2694921,2991331,5686252
1,0,0,11,จังหวัดสมุทรปราการ, , ,0, ,0, ,0, ,5612,596744,644866,1241610
2,0,0,12,จังหวัดนนทบุรี, , ,0, ,0, ,0, ,5612,542196,614075,1156271
3,0,0,13,จังหวัดปทุมธานี, , ,0, ,0, ,0, ,5612,500610,552548,1053158
4,0,0,14,จังหวัดพระนครศรีอยุธยา, , ,0, ,0, ,0, ,5612,384912,413058,797970
5,0,0,15,จังหวัดอ่างทอง, , ,0, ,0, ,0, ,5612,136237,147495,283732
6,0,0,16,จังหวัดลพบุรี, , ,0, ,0, ,0, ,5612,380306,377664,757970
7,0,0,17,จังหวัดสิงห์บุรี, , ,0, ,0, ,0, ,5612,101384,111306,212690
8,0,0,18,จังหวัดชัยนาท, , ,0, ,0, ,0, ,5612,160542,172227,332769
9,0,0,19,จังหวัดสระบุรี, , ,0, ,0, ,0, ,5612,311374,317842,629216
10,0,0,20,จังหวัดชลบุรี, , ,0, ,0, ,0, ,5612,681399,708955,1390354
11,0,0,21,จังหวัดระยอง, , ,0, ,0, ,0, ,5612,325635,335585,661220
12,0,0,22,จังหวัดจันทบุรี, , ,0, ,0, ,0, ,5612,257783,266477,524260
13,0,0,23,จังหวัดตราด, , ,0, ,0, ,0, ,5612,111778,112232,224010
14,0,0,24,จังหวัดฉะเชิงเทรา, , ,0, ,0, ,0, ,5612,338125,352101,690226
15,0,0,25,จังหวัดปราจีนบุรี, , ,0, ,0, ,0, ,5612,235901,240266,476167
16,0,0,26,จังหวัดนครนายก, , ,0, ,0, ,0, ,5612,126837,129248,256085
17,0,0,27,จังหวัดสระแก้ว, , ,0, ,0, ,0, ,5612,276825,274112,550937
18,0,0,30,จังหวัดนครราชสีมา, , ,0, ,0, ,0, ,5612,1289861,1320303,2610164
19,0,0,31,จังหวัดบุรีรัมย์, , ,0, ,0, ,0, ,5612,785215,788223,1573438
20,0,0,32,จังหวัดสุรินทร์, , ,0, ,0, ,0, ,5612,694034,694160,1388194
21,0,0,33,จังหวัดศรีสะเกษ, , ,0, ,0, ,0, ,5612,731029,730999,1462028
22,0,0,34,จังหวัดอุบลราชธานี, , ,0, ,0, ,0, ,5612,921576,914947,1836523
23,0,0,35,จังหวัดยโสธร, , ,0, ,0, ,0, ,5612,271082,269301,540383
24,0,0,36,จังหวัดชัยภูมิ, , ,0, ,0, ,0, ,5612,564750,570973,1135723
25,0,0,37,จังหวัดอำนาจเจริญ, , ,0, ,0, ,0, ,5612,187519,187179,374698
26,0,0,38,จังหวัดบึงกาฬ, , ,0, ,0, ,0, ,5612,209830,206406,416236
27,0,0,39,จังหวัดหนองบัวลำภู, , ,0, ,0, ,0, ,5612,254763,252374,507137
28,0,0,40,จังหวัดขอนแก่น, , ,0, ,0, ,0, ,5612,881591,900064,1781655
29,0,0,41,จังหวัดอุดรธานี, , ,0, ,0, ,0, ,5612,780497,783467,1563964
30,0,0,42,จังหวัดเลย, , ,0, ,0, ,0, ,5612,318828,313377,632205
31,0,0,43,จังหวัดหนองคาย, , ,0, ,0, ,0, ,5612,257603,257340,514943
32,0,0,44,จังหวัดมหาสารคาม, , ,0, ,0, ,0, ,5612,470808,484836,955644
33,0,0,45,จังหวัดร้อยเอ็ด, , ,0, ,0, ,0, ,5612,653049,655909,1308958
34,0,0,46,จังหวัดกาฬสินธุ์, , ,0, ,0, ,0, ,5612,490074,493956,984030
35,0,0,47,จังหวัดสกลนคร, , ,0, ,0, ,0, ,5612,566875,567447,1134322
36,0,0,48,จังหวัดนครพนม, , ,0, ,0, ,0, ,5612,354947,355913,710860
37,0,0,49,จังหวัดมุกดาหาร, , ,0, ,0, ,0, ,5612,172744,171558,344302
38,0,0,50,จังหวัดเชียงใหม่, , ,0, ,0, ,0, ,5612,811759,855129,1666888
39,0,0,51,จังหวัดลำพูน, , ,0, ,0, ,0, ,5612,196747,208521,405268
40,0,0,52,จังหวัดลำปาง, , ,0, ,0, ,0, ,5612,371269,383593,754862
41,0,0,53,จังหวัดอุตรดิตถ์, , ,0, ,0, ,0, ,5612,226897,234098,460995
42,0,0,54,จังหวัดแพร่, , ,0, ,0, ,0, ,5612,221660,234414,456074
43,0,0,55,จังหวัดน่าน, , ,0, ,0, ,0, ,5612,240652,237260,477912
44,0,0,56,จังหวัดพะเยา, , ,0, ,0, ,0, ,5612,237991,248753,486744
45,0,0,57,จังหวัดเชียงราย, , ,0, ,0, ,0, ,5612,592033,612627,1204660
46,0,0,58,จังหวัดแม่ฮ่องสอน, , ,0, ,0, ,0, ,5612,126189,120360,246549
47,0,0,60,จังหวัดนครสวรรค์, , ,0, ,0, ,0, ,5612,525351,547791,1073142
48,0,0,61,จังหวัดอุทัยธานี, , ,0, ,0, ,0, ,5612,162018,167518,329536
49,0,0,62,จังหวัดกำแพงเพชร, , ,0, ,0, ,0, ,5612,361867,366764,728631
50,0,0,63,จังหวัดตาก, , ,0, ,0, ,0, ,5612,268742,263611,532353
51,0,0,64,จังหวัดสุโขทัย, , ,0, ,0, ,0, ,5612,293934,308779,602713
52,0,0,65,จังหวัดพิษณุโลก, , ,0, ,0, ,0, ,5612,420718,435658,856376
53,0,0,66,จังหวัดพิจิตร, , ,0, ,0, ,0, ,5612,268787,280068,548855
54,0,0,67,จังหวัดเพชรบูรณ์, , ,0, ,0, ,0, ,5612,493852,500545,994397
55,0,0,70,จังหวัดราชบุรี, , ,0, ,0, ,0, ,5612,414568,435594,850162
56,0,0,71,จังหวัดกาญจนบุรี, , ,0, ,0, ,0, ,5612,422441,420441,842882
57,0,0,72,จังหวัดสุพรรณบุรี, , ,0, ,0, ,0, ,5612,410724,437342,848066
58,0,0,73,จังหวัดนครปฐม, , ,0, ,0, ,0, ,5612,423695,458489,882184
59,0,0,74,จังหวัดสมุทรสาคร, , ,0, ,0, ,0, ,5612,251059,268398,519457
60,0,0,75,จังหวัดสมุทรสงคราม, , ,0, ,0, ,0, ,5612,93295,100821,194116
61,0,0,76,จังหวัดเพชรบุรี, , ,0, ,0, ,0, ,5612,228054,243033,471087
62,0,0,77,จังหวัดประจวบคีรีขันธ์, , ,0, ,0, ,0, ,5612,258690,261581,520271
63,0,0,80,จังหวัดนครศรีธรรมราช, , ,0, ,0, ,0, ,5612,763810,778033,1541843
64,0,0,81,จังหวัดกระบี่, , ,0, ,0, ,0, ,5612,224619,226271,450890
65,0,0,82,จังหวัดพังงา, , ,0, ,0, ,0, ,5612,129799,129621,259420
66,0,0,83,จังหวัดภูเก็ต, , ,0, ,0, ,0, ,5612,174827,194695,369522
67,0,0,84,จังหวัดสุราษฎร์ธานี, , ,0, ,0, ,0, ,5612,509947,521865,1031812
68,0,0,85,จังหวัดระนอง, , ,0, ,0, ,0, ,5612,88592,86184,174776
69,0,0,86,จังหวัดชุมพร, , ,0, ,0, ,0, ,5612,247419,250875,498294
70,0,0,90,จังหวัดสงขลา, , ,0, ,0, ,0, ,5612,678456,711434,1389890
71,0,0,91,จังหวัดสตูล, , ,0, ,0, ,0, ,5612,154184,155609,309793
72,0,0,92,จังหวัดตรัง, , ,0, ,0, ,0, ,5612,311695,324348,636043
73,0,0,93,จังหวัดพัทลุง, , ,0, ,0, ,0, ,5612,253264,264757,518021
74,0,0,94,จังหวัดปัตตานี, , ,0, ,0, ,0, ,5612,335698,343140,678838
75,0,0,95,จังหวัดยะลา, , ,0, ,0, ,0, ,5612,251023,255115,506138
76,0,0,96,จังหวัดนราธิวาส, , ,0, ,0, ,0, ,5612,379462,386683,766145
0,0,0,10,กรุงเทพมหานคร, , ,0, ,0, ,0, ,5712,2695519,2996765,5692284
1,0,0,11,จังหวัดสมุทรปราการ, , ,0, ,0, ,0, ,5712,605702,655828,1261530
2,0,0,12,จังหวัดนนทบุรี, , ,0, ,0, ,0, ,5712,549941,623929,1173870
3,0,0,13,จังหวัดปทุมธานี, , ,0, ,0, ,0, ,5712,510261,563797,1074058
4,0,0,14,จังหวัดพระนครศรีอยุธยา, , ,0, ,0, ,0, ,5712,387533,416066,803599
5,0,0,15,จังหวัดอ่างทอง, , ,0, ,0, ,0, ,5712,136202,147366,283568
6,0,0,16,จังหวัดลพบุรี, , ,0, ,0, ,0, ,5712,380540,377866,758406
7,0,0,17,จังหวัดสิงห์บุรี, , ,0, ,0, ,0, ,5712,101181,110977,212158
8,0,0,18,จังหวัดชัยนาท, , ,0, ,0, ,0, ,5712,160303,171980,332283
9,0,0,19,จังหวัดสระบุรี, , ,0, ,0, ,0, ,5712,313285,320175,633460
10,0,0,20,จังหวัดชลบุรี, , ,0, ,0, ,0, ,5712,696038,725387,1421425
11,0,0,21,จังหวัดระยอง, , ,0, ,0, ,0, ,5712,332253,342140,674393
12,0,0,22,จังหวัดจันทบุรี, , ,0, ,0, ,0, ,5712,259041,268309,527350
13,0,0,23,จังหวัดตราด, , ,0, ,0, ,0, ,5712,112057,112673,224730
14,0,0,24,จังหวัดฉะเชิงเทรา, , ,0, ,0, ,0, ,5712,340964,354514,695478
15,0,0,25,จังหวัดปราจีนบุรี, , ,0, ,0, ,0, ,5712,237345,241969,479314
16,0,0,26,จังหวัดนครนายก, , ,0, ,0, ,0, ,5712,127503,129797,257300
17,0,0,27,จังหวัดสระแก้ว, , ,0, ,0, ,0, ,5712,277432,274755,552187
18,0,0,30,จังหวัดนครราชสีมา, , ,0, ,0, ,0, ,5712,1294987,1325530,2620517
19,0,0,31,จังหวัดบุรีรัมย์, , ,0, ,0, ,0, ,5712,787851,791397,1579248
20,0,0,32,จังหวัดสุรินทร์, , ,0, ,0, ,0, ,5712,695694,695942,1391636
21,0,0,33,จังหวัดศรีสะเกษ, , ,0, ,0, ,0, ,5712,732288,732925,1465213
22,0,0,34,จังหวัดอุบลราชธานี, , ,0, ,0, ,0, ,5712,925427,919242,1844669
23,0,0,35,จังหวัดยโสธร, , ,0, ,0, ,0, ,5712,271163,269048,540211
24,0,0,36,จังหวัดชัยภูมิ, , ,0, ,0, ,0, ,5712,565212,571837,1137049
25,0,0,37,จังหวัดอำนาจเจริญ, , ,0, ,0, ,0, ,5712,187742,187638,375380
26,0,0,38,จังหวัดบึงกาฬ, , ,0, ,0, ,0, ,5712,211021,207545,418566
27,0,0,39,จังหวัดหนองบัวลำภู, , ,0, ,0, ,0, ,5712,255508,253356,508864
28,0,0,40,จังหวัดขอนแก่น, , ,0, ,0, ,0, ,5712,884822,905227,1790049
29,0,0,41,จังหวัดอุดรธานี, , ,0, ,0, ,0, ,5712,783033,787267,1570300
30,0,0,42,จังหวัดเลย, , ,0, ,0, ,0, ,5712,319966,314547,634513
31,0,0,43,จังหวัดหนองคาย, , ,0, ,0, ,0, ,5712,258638,258622,517260
32,0,0,44,จังหวัดมหาสารคาม, , ,0, ,0, ,0, ,5712,472517,488071,960588
33,0,0,45,จังหวัดร้อยเอ็ด, , ,0, ,0, ,0, ,5712,652615,655703,1308318
34,0,0,46,จังหวัดกาฬสินธุ์, , ,0, ,0, ,0, ,5712,490584,494323,984907
35,0,0,47,จังหวัดสกลนคร, , ,0, ,0, ,0, ,5712,568953,569656,1138609
36,0,0,48,จังหวัดนครพนม, , ,0, ,0, ,0, ,5712,356106,357235,713341
37,0,0,49,จังหวัดมุกดาหาร, , ,0, ,0, ,0, ,5712,173449,172567,346016
38,0,0,50,จังหวัดเชียงใหม่, , ,0, ,0, ,0, ,5712,816620,861664,1678284
39,0,0,51,จังหวัดลำพูน, , ,0, ,0, ,0, ,5712,196755,208713,405468
40,0,0,52,จังหวัดลำปาง, , ,0, ,0, ,0, ,5712,369819,383194,753013
41,0,0,53,จังหวัดอุตรดิตถ์, , ,0, ,0, ,0, ,5712,226251,234149,460400
42,0,0,54,จังหวัดแพร่, , ,0, ,0, ,0, ,5712,220434,233649,454083
43,0,0,55,จังหวัดน่าน, , ,0, ,0, ,0, ,5712,240785,237479,478264
44,0,0,56,จังหวัดพะเยา, , ,0, ,0, ,0, ,5712,236671,247783,484454
45,0,0,57,จังหวัดเชียงราย, , ,0, ,0, ,0, ,5712,593393,614306,1207699
46,0,0,58,จังหวัดแม่ฮ่องสอน, , ,0, ,0, ,0, ,5712,126855,121323,248178
47,0,0,60,จังหวัดนครสวรรค์, , ,0, ,0, ,0, ,5712,525146,547610,1072756
48,0,0,61,จังหวัดอุทัยธานี, , ,0, ,0, ,0, ,5712,162264,167915,330179
49,0,0,62,จังหวัดกำแพงเพชร, , ,0, ,0, ,0, ,5712,362217,367305,729522
50,0,0,63,จังหวัดตาก, , ,0, ,0, ,0, ,5712,272263,267290,539553
51,0,0,64,จังหวัดสุโขทัย, , ,0, ,0, ,0, ,5712,293786,308674,602460
52,0,0,65,จังหวัดพิษณุโลก, , ,0, ,0, ,0, ,5712,421572,437416,858988
53,0,0,66,จังหวัดพิจิตร, , ,0, ,0, ,0, ,5712,268100,279443,547543
54,0,0,67,จังหวัดเพชรบูรณ์, , ,0, ,0, ,0, ,5712,494251,501556,995807
55,0,0,70,จังหวัดราชบุรี, , ,0, ,0, ,0, ,5712,415725,437492,853217
56,0,0,71,จังหวัดกาญจนบุรี, , ,0, ,0, ,0, ,5712,425132,423066,848198
57,0,0,72,จังหวัดสุพรรณบุรี, , ,0, ,0, ,0, ,5712,411089,437964,849053
58,0,0,73,จังหวัดนครปฐม, , ,0, ,0, ,0, ,5712,428006,463065,891071
59,0,0,74,จังหวัดสมุทรสาคร, , ,0, ,0, ,0, ,5712,256880,275007,531887
60,0,0,75,จังหวัดสมุทรสงคราม, , ,0, ,0, ,0, ,5712,93316,100873,194189
61,0,0,76,จังหวัดเพชรบุรี, , ,0, ,0, ,0, ,5712,229510,244682,474192
62,0,0,77,จังหวัดประจวบคีรีขันธ์, , ,0, ,0, ,0, ,5712,260580,264527,525107
63,0,0,80,จังหวัดนครศรีธรรมราช, , ,0, ,0, ,0, ,5712,766756,781272,1548028
64,0,0,81,จังหวัดกระบี่, , ,0, ,0, ,0, ,5712,227411,229400,456811
65,0,0,82,จังหวัดพังงา, , ,0, ,0, ,0, ,5712,130577,130793,261370
66,0,0,83,จังหวัดภูเก็ต, , ,0, ,0, ,0, ,5712,179221,199143,378364
67,0,0,84,จังหวัดสุราษฎร์ธานี, , ,0, ,0, ,0, ,5712,514167,526063,1040230
68,0,0,85,จังหวัดระนอง, , ,0, ,0, ,0, ,5712,89653,87436,177089
69,0,0,86,จังหวัดชุมพร, , ,0, ,0, ,0, ,5712,248367,252208,500575
70,0,0,90,จังหวัดสงขลา, , ,0, ,0, ,0, ,5712,684223,717080,1401303
71,0,0,91,จังหวัดสตูล, , ,0, ,0, ,0, ,5712,155575,157098,312673
72,0,0,92,จังหวัดตรัง, , ,0, ,0, ,0, ,5712,312812,325934,638746
73,0,0,93,จังหวัดพัทลุง, , ,0, ,0, ,0, ,5712,254372,266047,520419
74,0,0,94,จังหวัดปัตตานี, , ,0, ,0, ,0, ,5712,339872,346314,686186
75,0,0,95,จังหวัดยะลา, , ,0, ,0, ,0, ,5712,254056,257855,511911
76,0,0,96,จังหวัดนราธิวาส, , ,0, ,0, ,0, ,5712,383850,390949,774799
0,0,0,10,กรุงเทพมหานคร, , ,0, ,0, ,0, ,5812,2695051,3001358,5696409
1,0,0,11,จังหวัดสมุทรปราการ, , ,0, ,0, ,0, ,5812,613778,665532,1279310
2,0,0,12,จังหวัดนนทบุรี, , ,0, ,0, ,0, ,5812,559119,634592,1193711
3,0,0,13,จังหวัดปทุมธานี, , ,0, ,0, ,0, ,5812,519952,574297,1094249
4,0,0,14,จังหวัดพระนครศรีอยุธยา, , ,0, ,0, ,0, ,5812,389474,418886,808360
5,0,0,15,จังหวัดอ่างทอง, , ,0, ,0, ,0, ,5812,135907,147266,283173
6,0,0,16,จังหวัดลพบุรี, , ,0, ,0, ,0, ,5812,380523,378132,758655
7,0,0,17,จังหวัดสิงห์บุรี, , ,0, ,0, ,0, ,5812,100849,110577,211426
8,0,0,18,จังหวัดชัยนาท, , ,0, ,0, ,0, ,5812,159876,171779,331655
9,0,0,19,จังหวัดสระบุรี, , ,0, ,0, ,0, ,5812,315057,322616,637673
10,0,0,20,จังหวัดชลบุรี, , ,0, ,0, ,0, ,5812,712875,742164,1455039
11,0,0,21,จังหวัดระยอง, , ,0, ,0, ,0, ,5812,339333,349666,688999
12,0,0,22,จังหวัดจันทบุรี, , ,0, ,0, ,0, ,5812,260554,270483,531037
13,0,0,23,จังหวัดตราด, , ,0, ,0, ,0, ,5812,114181,115254,229435
14,0,0,24,จังหวัดฉะเชิงเทรา, , ,0, ,0, ,0, ,5812,343846,357056,700902
15,0,0,25,จังหวัดปราจีนบุรี, , ,0, ,0, ,0, ,5812,238625,243570,482195
16,0,0,26,จังหวัดนครนายก, , ,0, ,0, ,0, ,5812,128113,130464,258577
17,0,0,27,จังหวัดสระแก้ว, , ,0, ,0, ,0, ,5812,279366,277556,556922
18,0,0,30,จังหวัดนครราชสีมา, , ,0, ,0, ,0, ,5812,1298167,1330651,2628818
19,0,0,31,จังหวัดบุรีรัมย์, , ,0, ,0, ,0, ,5812,790260,794401,1584661
20,0,0,32,จังหวัดสุรินทร์, , ,0, ,0, ,0, ,5812,697486,697538,1395024
21,0,0,33,จังหวัดศรีสะเกษ, , ,0, ,0, ,0, ,5812,733657,735141,1468798
22,0,0,34,จังหวัดอุบลราชธานี, , ,0, ,0, ,0, ,5812,930701,926728,1857429
23,0,0,35,จังหวัดยโสธร, , ,0, ,0, ,0, ,5812,271109,269073,540182
24,0,0,36,จังหวัดชัยภูมิ, , ,0, ,0, ,0, ,5812,565687,572565,1138252
25,0,0,37,จังหวัดอำนาจเจริญ, , ,0, ,0, ,0, ,5812,188104,188278,376382
26,0,0,38,จังหวัดบึงกาฬ, , ,0, ,0, ,0, ,5812,212127,208520,420647
27,0,0,39,จังหวัดหนองบัวลำภู, , ,0, ,0, ,0, ,5812,255856,254218,510074
28,0,0,40,จังหวัดขอนแก่น, , ,0, ,0, ,0, ,5812,888499,909515,1798014
29,0,0,41,จังหวัดอุดรธานี, , ,0, ,0, ,0, ,5812,785041,790111,1575152
30,0,0,42,จังหวัดเลย, , ,0, ,0, ,0, ,5812,321620,317199,638819
31,0,0,43,จังหวัดหนองคาย, , ,0, ,0, ,0, ,5812,259506,260074,519580
32,0,0,44,จังหวัดมหาสารคาม, , ,0, ,0, ,0, ,5812,473625,490971,964596
33,0,0,45,จังหวัดร้อยเอ็ด, , ,0, ,0, ,0, ,5812,652122,656044,1308166
34,0,0,46,จังหวัดกาฬสินธุ์, , ,0, ,0, ,0, ,5812,490046,495157,985203
35,0,0,47,จังหวัดสกลนคร, , ,0, ,0, ,0, ,5812,570833,571904,1142737
36,0,0,48,จังหวัดนครพนม, , ,0, ,0, ,0, ,5812,357003,358396,715399
37,0,0,49,จังหวัดมุกดาหาร, , ,0, ,0, ,0, ,5812,174394,173707,348101
38,0,0,50,จังหวัดเชียงใหม่, , ,0, ,0, ,0, ,5812,840412,887830,1728242
39,0,0,51,จังหวัดลำพูน, , ,0, ,0, ,0, ,5812,196902,209483,406385
40,0,0,52,จังหวัดลำปาง, , ,0, ,0, ,0, ,5812,369033,383323,752356
41,0,0,53,จังหวัดอุตรดิตถ์, , ,0, ,0, ,0, ,5812,225805,233963,459768
42,0,0,54,จังหวัดแพร่, , ,0, ,0, ,0, ,5812,219342,233004,452346
43,0,0,55,จังหวัดน่าน, , ,0, ,0, ,0, ,5812,241282,238236,479518
44,0,0,56,จังหวัดพะเยา, , ,0, ,0, ,0, ,5812,235792,246853,482645
45,0,0,57,จังหวัดเชียงราย, , ,0, ,0, ,0, ,5812,625193,652757,1277950
46,0,0,58,จังหวัดแม่ฮ่องสอน, , ,0, ,0, ,0, ,5812,139769,133995,273764
47,0,0,60,จังหวัดนครสวรรค์, , ,0, ,0, ,0, ,5812,524682,547260,1071942
48,0,0,61,จังหวัดอุทัยธานี, , ,0, ,0, ,0, ,5812,162559,168347,330906
49,0,0,62,จังหวัดกำแพงเพชร, , ,0, ,0, ,0, ,5812,362340,367818,730158
50,0,0,63,จังหวัดตาก, , ,0, ,0, ,0, ,5812,313179,305203,618382
51,0,0,64,จังหวัดสุโขทัย, , ,0, ,0, ,0, ,5812,293158,308554,601712
52,0,0,65,จังหวัดพิษณุโลก, , ,0, ,0, ,0, ,5812,423089,440315,863404
53,0,0,66,จังหวัดพิจิตร, , ,0, ,0, ,0, ,5812,267318,278639,545957
54,0,0,67,จังหวัดเพชรบูรณ์, , ,0, ,0, ,0, ,5812,494575,502411,996986
55,0,0,70,จังหวัดราชบุรี, , ,0, ,0, ,0, ,5812,423298,444585,867883
56,0,0,71,จังหวัดกาญจนบุรี, , ,0, ,0, ,0, ,5812,443772,438374,882146
57,0,0,72,จังหวัดสุพรรณบุรี, , ,0, ,0, ,0, ,5812,411295,438404,849699
58,0,0,73,จังหวัดนครปฐม, , ,0, ,0, ,0, ,5812,431996,467346,899342
59,0,0,74,จังหวัดสมุทรสาคร, , ,0, ,0, ,0, ,5812,263436,282018,545454
60,0,0,75,จังหวัดสมุทรสงคราม, , ,0, ,0, ,0, ,5812,93405,100971,194376
61,0,0,76,จังหวัดเพชรบุรี, , ,0, ,0, ,0, ,5812,231747,246842,478589
62,0,0,77,จังหวัดประจวบคีรีขันธ์, , ,0, ,0, ,0, ,5812,264901,269818,534719
63,0,0,80,จังหวัดนครศรีธรรมราช, , ,0, ,0, ,0, ,5812,768887,783643,1552530
64,0,0,81,จังหวัดกระบี่, , ,0, ,0, ,0, ,5812,229941,232160,462101
65,0,0,82,จังหวัดพังงา, , ,0, ,0, ,0, ,5812,131942,132132,264074
66,0,0,83,จังหวัดภูเก็ต, , ,0, ,0, ,0, ,5812,183132,203473,386605
67,0,0,84,จังหวัดสุราษฎร์ธานี, , ,0, ,0, ,0, ,5812,517217,529555,1046772
68,0,0,85,จังหวัดระนอง, , ,0, ,0, ,0, ,5812,94726,92810,187536
69,0,0,86,จังหวัดชุมพร, , ,0, ,0, ,0, ,5812,250943,254887,505830
70,0,0,90,จังหวัดสงขลา, , ,0, ,0, ,0, ,5812,688462,722115,1410577
71,0,0,91,จังหวัดสตูล, , ,0, ,0, ,0, ,5812,157258,158665,315923
72,0,0,92,จังหวัดตรัง, , ,0, ,0, ,0, ,5812,313899,326894,640793
73,0,0,93,จังหวัดพัทลุง, , ,0, ,0, ,0, ,5812,255365,267358,522723
74,0,0,94,จังหวัดปัตตานี, , ,0, ,0, ,0, ,5812,343757,350266,694023
75,0,0,95,จังหวัดยะลา, , ,0, ,0, ,0, ,5812,257124,261015,518139
76,0,0,96,จังหวัดนราธิวาส, , ,0, ,0, ,0, ,5812,387631,395451,783082
0,0,0,10,กรุงเทพมหานคร, , ,0, ,0, ,0, ,5912,2687253,2999393,5686646
1,0,0,11,จังหวัดสมุทรปราการ, , ,0, ,0, ,0, ,5912,619911,673642,1293553
2,0,0,12,จังหวัดนนทบุรี, , ,0, ,0, ,0, ,5912,566778,645146,1211924
3,0,0,13,จังหวัดปทุมธานี, , ,0, ,0, ,0, ,5912,527945,583431,1111376
4,0,0,14,จังหวัดพระนครศรีอยุธยา, , ,0, ,0, ,0, ,5912,390365,419955,810320
5,0,0,15,จังหวัดอ่างทอง, , ,0, ,0, ,0, ,5912,135413,146991,282404
6,0,0,16,จังหวัดลพบุรี, , ,0, ,0, ,0, ,5912,379745,377576,757321
7,0,0,17,จังหวัดสิงห์บุรี, , ,0, ,0, ,0, ,5912,100377,110211,210588
8,0,0,18,จังหวัดชัยนาท, , ,0, ,0, ,0, ,5912,159154,171277,330431
9,0,0,19,จังหวัดสระบุรี, , ,0, ,0, ,0, ,5912,315959,324106,640065
10,0,0,20,จังหวัดชลบุรี, , ,0, ,0, ,0, ,5912,726918,756131,1483049
11,0,0,21,จังหวัดระยอง, , ,0, ,0, ,0, ,5912,344310,355913,700223
12,0,0,22,จังหวัดจันทบุรี, , ,0, ,0, ,0, ,5912,261053,271413,532466
13,0,0,23,จังหวัดตราด, , ,0, ,0, ,0, ,5912,114109,115328,229437
14,0,0,24,จังหวัดฉะเชิงเทรา, , ,0, ,0, ,0, ,5912,345179,359220,704399
15,0,0,25,จังหวัดปราจีนบุรี, , ,0, ,0, ,0, ,5912,240044,244785,484829
16,0,0,26,จังหวัดนครนายก, , ,0, ,0, ,0, ,5912,127773,130585,258358
17,0,0,27,จังหวัดสระแก้ว, , ,0, ,0, ,0, ,5912,280148,278869,559017
18,0,0,30,จังหวัดนครราชสีมา, , ,0, ,0, ,0, ,5912,1297919,1333516,2631435
19,0,0,31,จังหวัดบุรีรัมย์, , ,0, ,0, ,0, ,5912,791482,796415,1587897
20,0,0,32,จังหวัดสุรินทร์, , ,0, ,0, ,0, ,5912,697016,698551,1395567
21,0,0,33,จังหวัดศรีสะเกษ, , ,0, ,0, ,0, ,5912,734457,735884,1470341
22,0,0,34,จังหวัดอุบลราชธานี, , ,0, ,0, ,0, ,5912,933084,929881,1862965
23,0,0,35,จังหวัดยโสธร, , ,0, ,0, ,0, ,5912,270748,269067,539815
24,0,0,36,จังหวัดชัยภูมิ, , ,0, ,0, ,0, ,5912,564976,573223,1138199
25,0,0,37,จังหวัดอำนาจเจริญ, , ,0, ,0, ,0, ,5912,188373,188747,377120
26,0,0,38,จังหวัดบึงกาฬ, , ,0, ,0, ,0, ,5912,212432,209193,421625
27,0,0,39,จังหวัดหนองบัวลำภู, , ,0, ,0, ,0, ,5912,255910,254824,510734
28,0,0,40,จังหวัดขอนแก่น, , ,0, ,0, ,0, ,5912,889133,912620,1801753
29,0,0,41,จังหวัดอุดรธานี, , ,0, ,0, ,0, ,5912,786301,792482,1578783
30,0,0,42,จังหวัดเลย, , ,0, ,0, ,0, ,5912,321885,317916,639801
31,0,0,43,จังหวัดหนองคาย, , ,0, ,0, ,0, ,5912,259681,260682,520363
32,0,0,44,จังหวัดมหาสารคาม, , ,0, ,0, ,0, ,5912,472972,490512,963484
33,0,0,45,จังหวัดร้อยเอ็ด, , ,0, ,0, ,0, ,5912,651677,656305,1307982
34,0,0,46,จังหวัดกาฬสินธุ์, , ,0, ,0, ,0, ,5912,489617,495615,985232
35,0,0,47,จังหวัดสกลนคร, , ,0, ,0, ,0, ,5912,571963,573986,1145949
36,0,0,48,จังหวัดนครพนม, , ,0, ,0, ,0, ,5912,357819,359054,716873
37,0,0,49,จังหวัดมุกดาหาร, , ,0, ,0, ,0, ,5912,175172,174302,349474
38,0,0,50,จังหวัดเชียงใหม่, , ,0, ,0, ,0, ,5912,843088,892674,1735762
39,0,0,51,จังหวัดลำพูน, , ,0, ,0, ,0, ,5912,196448,209551,405999
40,0,0,52,จังหวัดลำปาง, , ,0, ,0, ,0, ,5912,366857,381993,748850
41,0,0,53,จังหวัดอุตรดิตถ์, , ,0, ,0, ,0, ,5912,224945,233252,458197
42,0,0,54,จังหวัดแพร่, , ,0, ,0, ,0, ,5912,217962,231848,449810
43,0,0,55,จังหวัดน่าน, , ,0, ,0, ,0, ,5912,241287,238629,479916
44,0,0,56,จังหวัดพะเยา, , ,0, ,0, ,0, ,5912,234221,244967,479188
45,0,0,57,จังหวัดเชียงราย, , ,0, ,0, ,0, ,5912,626784,655760,1282544
46,0,0,58,จังหวัดแม่ฮ่องสอน, , ,0, ,0, ,0, ,5912,140715,135169,275884
47,0,0,60,จังหวัดนครสวรรค์, , ,0, ,0, ,0, ,5912,521343,545112,1066455
48,0,0,61,จังหวัดอุทัยธานี, , ,0, ,0, ,0, ,5912,162209,168090,330299
49,0,0,62,จังหวัดกำแพงเพชร, , ,0, ,0, ,0, ,5912,361919,367623,729542
50,0,0,63,จังหวัดตาก, , ,0, ,0, ,0, ,5912,320333,311632,631965
51,0,0,64,จังหวัดสุโขทัย, , ,0, ,0, ,0, ,5912,292305,307926,600231
52,0,0,65,จังหวัดพิษณุโลก, , ,0, ,0, ,0, ,5912,423913,441846,865759
53,0,0,66,จังหวัดพิจิตร, , ,0, ,0, ,0, ,5912,266021,277461,543482
54,0,0,67,จังหวัดเพชรบูรณ์, , ,0, ,0, ,0, ,5912,493187,502036,995223
55,0,0,70,จังหวัดราชบุรี, , ,0, ,0, ,0, ,5912,424280,445543,869823
56,0,0,71,จังหวัดกาญจนบุรี, , ,0, ,0, ,0, ,5912,445113,439999,885112
57,0,0,72,จังหวัดสุพรรณบุรี, , ,0, ,0, ,0, ,5912,410617,437950,848567
58,0,0,73,จังหวัดนครปฐม, , ,0, ,0, ,0, ,5912,434105,470903,905008
59,0,0,74,จังหวัดสมุทรสาคร, , ,0, ,0, ,0, ,5912,268832,287887,556719
60,0,0,75,จังหวัดสมุทรสงคราม, , ,0, ,0, ,0, ,5912,93179,100890,194069
61,0,0,76,จังหวัดเพชรบุรี, , ,0, ,0, ,0, ,5912,232821,247831,480652
62,0,0,77,จังหวัดประจวบคีรีขันธ์, , ,0, ,0, ,0, ,5912,267149,272385,539534
63,0,0,80,จังหวัดนครศรีธรรมราช, , ,0, ,0, ,0, ,5912,769779,784653,1554432
64,0,0,81,จังหวัดกระบี่, , ,0, ,0, ,0, ,5912,231471,234460,465931
65,0,0,82,จังหวัดพังงา, , ,0, ,0, ,0, ,5912,132475,133104,265579
66,0,0,83,จังหวัดภูเก็ต, , ,0, ,0, ,0, ,5912,186606,207563,394169
67,0,0,84,จังหวัดสุราษฎร์ธานี, , ,0, ,0, ,0, ,5912,518860,532053,1050913
68,0,0,85,จังหวัดระนอง, , ,0, ,0, ,0, ,5912,95629,93525,189154
69,0,0,86,จังหวัดชุมพร, , ,0, ,0, ,0, ,5912,251625,255979,507604
70,0,0,90,จังหวัดสงขลา, , ,0, ,0, ,0, ,5912,691618,725822,1417440
71,0,0,91,จังหวัดสตูล, , ,0, ,0, ,0, ,5912,157889,159723,317612
72,0,0,92,จังหวัดตรัง, , ,0, ,0, ,0, ,5912,314211,327473,641684
73,0,0,93,จังหวัดพัทลุง, , ,0, ,0, ,0, ,5912,255532,268191,523723
74,0,0,94,จังหวัดปัตตานี, , ,0, ,0, ,0, ,5912,347145,353816,700961
75,0,0,95,จังหวัดยะลา, , ,0, ,0, ,0, ,5912,259452,262827,522279
76,0,0,96,จังหวัดนราธิวาส, , ,0, ,0, ,0, ,5912,390832,398849,789681
0,0,0,10,กรุงเทพมหานคร, , ,0, ,0, ,0, ,6012,2682962,2999453,5682415
1,0,0,11,จังหวัดสมุทรปราการ, , ,0, ,0, ,0, ,6012,627493,683273,1310766
2,0,0,12,จังหวัดนนทบุรี, , ,0, ,0, ,0, ,6012,574500,655235,1229735
3,0,0,13,จังหวัดปทุมธานี, , ,0, ,0, ,0, ,6012,536033,593082,1129115
4,0,0,14,จังหวัดพระนครศรีอยุธยา, , ,0, ,0, ,0, ,6012,392083,421769,813852
5,0,0,15,จังหวัดอ่างทอง, , ,0, ,0, ,0, ,6012,134830,146357,281187
6,0,0,16,จังหวัดลพบุรี, , ,0, ,0, ,0, ,6012,379618,377655,757273
7,0,0,17,จังหวัดสิงห์บุรี, , ,0, ,0, ,0, ,6012,100132,109956,210088
8,0,0,18,จังหวัดชัยนาท, , ,0, ,0, ,0, ,6012,158773,170949,329722
9,0,0,19,จังหวัดสระบุรี, , ,0, ,0, ,0, ,6012,316489,325551,642040
10,0,0,20,จังหวัดชลบุรี, , ,0, ,0, ,0, ,6012,738943,770182,1509125
11,0,0,21,จังหวัดระยอง, , ,0, ,0, ,0, ,6012,349775,361461,711236
12,0,0,22,จังหวัดจันทบุรี, , ,0, ,0, ,0, ,6012,261887,272572,534459
13,0,0,23,จังหวัดตราด, , ,0, ,0, ,0, ,6012,114140,115509,229649
14,0,0,24,จังหวัดฉะเชิงเทรา, , ,0, ,0, ,0, ,6012,347984,361905,709889
15,0,0,25,จังหวัดปราจีนบุรี, , ,0, ,0, ,0, ,6012,241281,246263,487544
16,0,0,26,จังหวัดนครนายก, , ,0, ,0, ,0, ,6012,128236,131106,259342
17,0,0,27,จังหวัดสระแก้ว, , ,0, ,0, ,0, ,6012,281497,280441,561938
18,0,0,30,จังหวัดนครราชสีมา, , ,0, ,0, ,0, ,6012,1301249,1337977,2639226
19,0,0,31,จังหวัดบุรีรัมย์, , ,0, ,0, ,0, ,6012,792963,798942,1591905
20,0,0,32,จังหวัดสุรินทร์, , ,0, ,0, ,0, ,6012,697402,699778,1397180
21,0,0,33,จังหวัดศรีสะเกษ, , ,0, ,0, ,0, ,6012,734728,737303,1472031
22,0,0,34,จังหวัดอุบลราชธานี, , ,0, ,0, ,0, ,6012,936052,933581,1869633
23,0,0,35,จังหวัดยโสธร, , ,0, ,0, ,0, ,6012,270412,269130,539542
24,0,0,36,จังหวัดชัยภูมิ, , ,0, ,0, ,0, ,6012,565245,574111,1139356
25,0,0,37,จังหวัดอำนาจเจริญ, , ,0, ,0, ,0, ,6012,188737,189370,378107
26,0,0,38,จังหวัดบึงกาฬ, , ,0, ,0, ,0, ,6012,212806,210226,423032
27,0,0,39,จังหวัดหนองบัวลำภู, , ,0, ,0, ,0, ,6012,256009,255632,511641
28,0,0,40,จังหวัดขอนแก่น, , ,0, ,0, ,0, ,6012,890486,915424,1805910
29,0,0,41,จังหวัดอุดรธานี, , ,0, ,0, ,0, ,6012,787877,795215,1583092
30,0,0,42,จังหวัดเลย, , ,0, ,0, ,0, ,6012,322592,319074,641666
31,0,0,43,จังหวัดหนองคาย, , ,0, ,0, ,0, ,6012,259983,261903,521886
32,0,0,44,จังหวัดมหาสารคาม, , ,0, ,0, ,0, ,6012,472797,490275,963072
33,0,0,45,จังหวัดร้อยเอ็ด, , ,0, ,0, ,0, ,6012,651348,656563,1307911
34,0,0,46,จังหวัดกาฬสินธุ์, , ,0, ,0, ,0, ,6012,489770,496235,986005
35,0,0,47,จังหวัดสกลนคร, , ,0, ,0, ,0, ,6012,573346,576126,1149472
36,0,0,48,จังหวัดนครพนม, , ,0, ,0, ,0, ,6012,358311,359717,718028
37,0,0,49,จังหวัดมุกดาหาร, , ,0, ,0, ,0, ,6012,175649,175133,350782
38,0,0,50,จังหวัดเชียงใหม่, , ,0, ,0, ,0, ,6012,847521,899319,1746840
39,0,0,51,จังหวัดลำพูน, , ,0, ,0, ,0, ,6012,196184,209734,405918
40,0,0,52,จังหวัดลำปาง, , ,0, ,0, ,0, ,6012,365389,381158,746547
41,0,0,53,จังหวัดอุตรดิตถ์, , ,0, ,0, ,0, ,6012,224150,232942,457092
42,0,0,54,จังหวัดแพร่, , ,0, ,0, ,0, ,6012,216655,230909,447564
43,0,0,55,จังหวัดน่าน, , ,0, ,0, ,0, ,6012,241149,238689,479838
44,0,0,56,จังหวัดพะเยา, , ,0, ,0, ,0, ,6012,233093,244007,477100
45,0,0,57,จังหวัดเชียงราย, , ,0, ,0, ,0, ,6012,628897,658718,1287615
46,0,0,58,จังหวัดแม่ฮ่องสอน, , ,0, ,0, ,0, ,6012,142213,136875,279088
47,0,0,60,จังหวัดนครสวรรค์, , ,0, ,0, ,0, ,6012,520575,544759,1065334
48,0,0,61,จังหวัดอุทัยธานี, , ,0, ,0, ,0, ,6012,161758,168184,329942
49,0,0,62,จังหวัดกำแพงเพชร, , ,0, ,0, ,0, ,6012,361558,367575,729133
50,0,0,63,จังหวัดตาก, , ,0, ,0, ,0, ,6012,326474,317793,644267
51,0,0,64,จังหวัดสุโขทัย, , ,0, ,0, ,0, ,6012,291620,307699,599319
52,0,0,65,จังหวัดพิษณุโลก, , ,0, ,0, ,0, ,6012,423986,441382,865368
53,0,0,66,จังหวัดพิจิตร, , ,0, ,0, ,0, ,6012,265030,276838,541868
54,0,0,67,จังหวัดเพชรบูรณ์, , ,0, ,0, ,0, ,6012,492647,502684,995331
55,0,0,70,จังหวัดราชบุรี, , ,0, ,0, ,0, ,6012,425159,446555,871714
56,0,0,71,จังหวัดกาญจนบุรี, , ,0, ,0, ,0, ,6012,446262,441717,887979
57,0,0,72,จังหวัดสุพรรณบุรี, , ,0, ,0, ,0, ,6012,412089,439914,852003
58,0,0,73,จังหวัดนครปฐม, , ,0, ,0, ,0, ,6012,437230,474262,911492
59,0,0,74,จังหวัดสมุทรสาคร, , ,0, ,0, ,0, ,6012,274645,293820,568465
60,0,0,75,จังหวัดสมุทรสงคราม, , ,0, ,0, ,0, ,6012,93084,100818,193902
61,0,0,76,จังหวัดเพชรบุรี, , ,0, ,0, ,0, ,6012,233665,248710,482375
62,0,0,77,จังหวัดประจวบคีรีขันธ์, , ,0, ,0, ,0, ,6012,269102,274877,543979
63,0,0,80,จังหวัดนครศรีธรรมราช, , ,0, ,0, ,0, ,6012,770997,786485,1557482
64,0,0,81,จังหวัดกระบี่, , ,0, ,0, ,0, ,6012,233442,236327,469769
65,0,0,82,จังหวัดพังงา, , ,0, ,0, ,0, ,6012,133423,134068,267491
66,0,0,83,จังหวัดภูเก็ต, , ,0, ,0, ,0, ,6012,190219,211798,402017
67,0,0,84,จังหวัดสุราษฎร์ธานี, , ,0, ,0, ,0, ,6012,521993,535588,1057581
68,0,0,85,จังหวัดระนอง, , ,0, ,0, ,0, ,6012,96232,94167,190399
69,0,0,86,จังหวัดชุมพร, , ,0, ,0, ,0, ,6012,252415,257235,509650
70,0,0,90,จังหวัดสงขลา, , ,0, ,0, ,0, ,6012,694803,729427,1424230
71,0,0,91,จังหวัดสตูล, , ,0, ,0, ,0, ,6012,158832,160868,319700
72,0,0,92,จังหวัดตรัง, , ,0, ,0, ,0, ,6012,314856,328216,643072
73,0,0,93,จังหวัดพัทลุง, , ,0, ,0, ,0, ,6012,255997,268860,524857
74,0,0,94,จังหวัดปัตตานี, , ,0, ,0, ,0, ,6012,351250,358546,709796
75,0,0,95,จังหวัดยะลา, , ,0, ,0, ,0, ,6012,262057,265238,527295
76,0,0,96,จังหวัดนราธิวาส, , ,0, ,0, ,0, ,6012,393837,402402,796239
0,0,0,10,กรุงเทพมหานคร, , ,0, ,0, ,0, ,6112,2679453,2997195,5676648
1,0,0,11,จังหวัดสมุทรปราการ, , ,0, ,0, ,0, ,6112,634679,691929,1326608
2,0,0,12,จังหวัดนนทบุรี, , ,0, ,0, ,0, ,6112,581620,664675,1246295
3,0,0,13,จังหวัดปทุมธานี, , ,0, ,0, ,0, ,6112,543652,602440,1146092
4,0,0,14,จังหวัดพระนครศรีอยุธยา, , ,0, ,0, ,0, ,6112,393570,423871,817441
5,0,0,15,จังหวัดอ่างทอง, , ,0, ,0, ,0, ,6112,134592,146248,280840
6,0,0,16,จังหวัดลพบุรี, , ,0, ,0, ,0, ,6112,381080,377653,758733
7,0,0,17,จังหวัดสิงห์บุรี, , ,0, ,0, ,0, ,6112,99673,109704,209377
8,0,0,18,จังหวัดชัยนาท, , ,0, ,0, ,0, ,6112,157944,170319,328263
9,0,0,19,จังหวัดสระบุรี, , ,0, ,0, ,0, ,6112,318128,326896,645024
10,0,0,20,จังหวัดชลบุรี, , ,0, ,0, ,0, ,6112,751779,783666,1535445
11,0,0,21,จังหวัดระยอง, , ,0, ,0, ,0, ,6112,355539,367777,723316
12,0,0,22,จังหวัดจันทบุรี, , ,0, ,0, ,0, ,6112,262645,273851,536496
13,0,0,23,จังหวัดตราด, , ,0, ,0, ,0, ,6112,114097,115817,229914
14,0,0,24,จังหวัดฉะเชิงเทรา, , ,0, ,0, ,0, ,6112,350690,364319,715009
15,0,0,25,จังหวัดปราจีนบุรี, , ,0, ,0, ,0, ,6112,243655,247985,491640
16,0,0,26,จังหวัดนครนายก, , ,0, ,0, ,0, ,6112,128593,131500,260093
17,0,0,27,จังหวัดสระแก้ว, , ,0, ,0, ,0, ,6112,282426,281666,564092
18,0,0,30,จังหวัดนครราชสีมา, , ,0, ,0, ,0, ,6112,1303951,1342450,2646401
19,0,0,31,จังหวัดบุรีรัมย์, , ,0, ,0, ,0, ,6112,793433,801417,1594850
20,0,0,32,จังหวัดสุรินทร์, , ,0, ,0, ,0, ,6112,697169,700688,1397857
21,0,0,33,จังหวัดศรีสะเกษ, , ,0, ,0, ,0, ,6112,734622,738389,1473011
22,0,0,34,จังหวัดอุบลราชธานี, , ,0, ,0, ,0, ,6112,937766,936782,1874548
23,0,0,35,จังหวัดยโสธร, , ,0, ,0, ,0, ,6112,269705,269024,538729
24,0,0,36,จังหวัดชัยภูมิ, , ,0, ,0, ,0, ,6112,563934,574843,1138777
25,0,0,37,จังหวัดอำนาจเจริญ, , ,0, ,0, ,0, ,6112,188770,189851,378621
26,0,0,38,จังหวัดบึงกาฬ, , ,0, ,0, ,0, ,6112,212931,211009,423940
27,0,0,39,จังหวัดหนองบัวลำภู, , ,0, ,0, ,0, ,6112,255942,256175,512117
28,0,0,40,จังหวัดขอนแก่น, , ,0, ,0, ,0, ,6112,889505,916390,1805895
29,0,0,41,จังหวัดอุดรธานี, , ,0, ,0, ,0, ,6112,788698,797968,1586666
30,0,0,42,จังหวัดเลย, , ,0, ,0, ,0, ,6112,322896,319877,642773
31,0,0,43,จังหวัดหนองคาย, , ,0, ,0, ,0, ,6112,259773,262330,522103
32,0,0,44,จังหวัดมหาสารคาม, , ,0, ,0, ,0, ,6112,472540,490507,963047
33,0,0,45,จังหวัดร้อยเอ็ด, , ,0, ,0, ,0, ,6112,650184,657024,1307208
34,0,0,46,จังหวัดกาฬสินธุ์, , ,0, ,0, ,0, ,6112,488776,496570,985346
35,0,0,47,จังหวัดสกลนคร, , ,0, ,0, ,0, ,6112,574077,578205,1152282
36,0,0,48,จังหวัดนครพนม, , ,0, ,0, ,0, ,6112,358584,360202,718786
37,0,0,49,จังหวัดมุกดาหาร, , ,0, ,0, ,0, ,6112,176319,175963,352282
38,0,0,50,จังหวัดเชียงใหม่, , ,0, ,0, ,0, ,6112,855105,908637,1763742
39,0,0,51,จังหวัดลำพูน, , ,0, ,0, ,0, ,6112,195908,210047,405955
40,0,0,52,จังหวัดลำปาง, , ,0, ,0, ,0, ,6112,363076,379807,742883
41,0,0,53,จังหวัดอุตรดิตถ์, , ,0, ,0, ,0, ,6112,222920,232483,455403
42,0,0,54,จังหวัดแพร่, , ,0, ,0, ,0, ,6112,215246,229844,445090
43,0,0,55,จังหวัดน่าน, , ,0, ,0, ,0, ,6112,240313,238676,478989
44,0,0,56,จังหวัดพะเยา, , ,0, ,0, ,0, ,6112,232129,243086,475215
45,0,0,57,จังหวัดเชียงราย, , ,0, ,0, ,0, ,6112,630221,661909,1292130
46,0,0,58,จังหวัดแม่ฮ่องสอน, , ,0, ,0, ,0, ,6112,143932,138634,282566
47,0,0,60,จังหวัดนครสวรรค์, , ,0, ,0, ,0, ,6112,520079,543885,1063964
48,0,0,61,จังหวัดอุทัยธานี, , ,0, ,0, ,0, ,6112,161303,168130,329433
49,0,0,62,จังหวัดกำแพงเพชร, , ,0, ,0, ,0, ,6112,360440,367367,727807
50,0,0,63,จังหวัดตาก, , ,0, ,0, ,0, ,6112,331716,322960,654676
51,0,0,64,จังหวัดสุโขทัย, , ,0, ,0, ,0, ,6112,290109,307148,597257
52,0,0,65,จังหวัดพิษณุโลก, , ,0, ,0, ,0, ,6112,424595,442296,866891
53,0,0,66,จังหวัดพิจิตร, , ,0, ,0, ,0, ,6112,263481,275893,539374
54,0,0,67,จังหวัดเพชรบูรณ์, , ,0, ,0, ,0, ,6112,492253,502287,994540
55,0,0,70,จังหวัดราชบุรี, , ,0, ,0, ,0, ,6112,426132,447386,873518
56,0,0,71,จังหวัดกาญจนบุรี, , ,0, ,0, ,0, ,6112,449086,444065,893151
57,0,0,72,จังหวัดสุพรรณบุรี, , ,0, ,0, ,0, ,6112,410241,438479,848720
58,0,0,73,จังหวัดนครปฐม, , ,0, ,0, ,0, ,6112,439691,477362,917053
59,0,0,74,จังหวัดสมุทรสาคร, , ,0, ,0, ,0, ,6112,279174,298790,577964
60,0,0,75,จังหวัดสมุทรสงคราม, , ,0, ,0, ,0, ,6112,92901,100890,193791
61,0,0,76,จังหวัดเพชรบุรี, , ,0, ,0, ,0, ,6112,234805,249489,484294
62,0,0,77,จังหวัดประจวบคีรีขันธ์, , ,0, ,0, ,0, ,6112,271803,277012,548815
63,0,0,80,จังหวัดนครศรีธรรมราช, , ,0, ,0, ,0, ,6112,771530,788903,1560433
64,0,0,81,จังหวัดกระบี่, , ,0, ,0, ,0, ,6112,235541,238197,473738
65,0,0,82,จังหวัดพังงา, , ,0, ,0, ,0, ,6112,133931,134309,268240
66,0,0,83,จังหวัดภูเก็ต, , ,0, ,0, ,0, ,6112,194074,216137,410211
67,0,0,84,จังหวัดสุราษฎร์ธานี, , ,0, ,0, ,0, ,6112,524541,538960,1063501
68,0,0,85,จังหวัดระนอง, , ,0, ,0, ,0, ,6112,96956,94912,191868
69,0,0,86,จังหวัดชุมพร, , ,0, ,0, ,0, ,6112,252915,258048,510963
70,0,0,90,จังหวัดสงขลา, , ,0, ,0, ,0, ,6112,698905,733723,1432628
71,0,0,91,จังหวัดสตูล, , ,0, ,0, ,0, ,6112,159766,161808,321574
72,0,0,92,จังหวัดตรัง, , ,0, ,0, ,0, ,6112,314781,328335,643116
73,0,0,93,จังหวัดพัทลุง, , ,0, ,0, ,0, ,6112,255830,269214,525044
74,0,0,94,จังหวัดปัตตานี, , ,0, ,0, ,0, ,6112,355424,362653,718077
75,0,0,95,จังหวัดยะลา, , ,0, ,0, ,0, ,6112,264928,267398,532326
76,0,0,96,จังหวัดนราธิวาส, , ,0, ,0, ,0, ,6112,397100,405374,802474
0,0,0,10,กรุงเทพมหานคร, , ,0, ,0, ,0, ,6212,2669316,2996948,5666264
1,0,0,11,จังหวัดสมุทรปราการ, , ,0, ,0, ,0, ,6212,642774,702101,1344875
2,0,0,12,จังหวัดนนทบุรี, , ,0, ,0, ,0, ,6212,589949,675438,1265387
3,0,0,13,จังหวัดปทุมธานี, , ,0, ,0, ,0, ,6212,552156,611448,1163604
4,0,0,14,จังหวัดพระนครศรีอยุธยา, , ,0, ,0, ,0, ,6212,394901,425287,820188
5,0,0,15,จังหวัดอ่างทอง, , ,0, ,0, ,0, ,6212,134095,145559,279654
6,0,0,16,จังหวัดลพบุรี, , ,0, ,0, ,0, ,6212,378813,376743,755556
7,0,0,17,จังหวัดสิงห์บุรี, , ,0, ,0, ,0, ,6212,99265,109181,208446
8,0,0,18,จังหวัดชัยนาท, , ,0, ,0, ,0, ,6212,157132,169479,326611
9,0,0,19,จังหวัดสระบุรี, , ,0, ,0, ,0, ,6212,318243,327668,645911
10,0,0,20,จังหวัดชลบุรี, , ,0, ,0, ,0, ,6212,762141,796160,1558301
11,0,0,21,จังหวัดระยอง, , ,0, ,0, ,0, ,6212,361109,373644,734753
12,0,0,22,จังหวัดจันทบุรี, , ,0, ,0, ,0, ,6212,263485,274213,537698
13,0,0,23,จังหวัดตราด, , ,0, ,0, ,0, ,6212,113973,115985,229958
14,0,0,24,จังหวัดฉะเชิงเทรา, , ,0, ,0, ,0, ,6212,353368,366745,720113
15,0,0,25,จังหวัดปราจีนบุรี, , ,0, ,0, ,0, ,6212,245180,249500,494680
16,0,0,26,จังหวัดนครนายก, , ,0, ,0, ,0, ,6212,129046,131705,260751
17,0,0,27,จังหวัดสระแก้ว, , ,0, ,0, ,0, ,6212,283497,282806,566303
18,0,0,30,จังหวัดนครราชสีมา, , ,0, ,0, ,0, ,6212,1303944,1344983,2648927
19,0,0,31,จังหวัดบุรีรัมย์, , ,0, ,0, ,0, ,6212,793262,802485,1595747
20,0,0,32,จังหวัดสุรินทร์, , ,0, ,0, ,0, ,6212,696248,700583,1396831
21,0,0,33,จังหวัดศรีสะเกษ, , ,0, ,0, ,0, ,6212,734405,738454,1472859
22,0,0,34,จังหวัดอุบลราชธานี, , ,0, ,0, ,0, ,6212,939054,939092,1878146
23,0,0,35,จังหวัดยโสธร, , ,0, ,0, ,0, ,6212,268774,268525,537299
24,0,0,36,จังหวัดชัยภูมิ, , ,0, ,0, ,0, ,6212,562900,574457,1137357
25,0,0,37,จังหวัดอำนาจเจริญ, , ,0, ,0, ,0, ,6212,188632,189806,378438
26,0,0,38,จังหวัดบึงกาฬ, , ,0, ,0, ,0, ,6212,212859,211232,424091
27,0,0,39,จังหวัดหนองบัวลำภู, , ,0, ,0, ,0, ,6212,256221,256559,512780
28,0,0,40,จังหวัดขอนแก่น, , ,0, ,0, ,0, ,6212,887501,915371,1802872
29,0,0,41,จังหวัดอุดรธานี, , ,0, ,0, ,0, ,6212,787642,799004,1586646
30,0,0,42,จังหวัดเลย, , ,0, ,0, ,0, ,6212,322851,320099,642950
31,0,0,43,จังหวัดหนองคาย, , ,0, ,0, ,0, ,6212,259849,262462,522311
32,0,0,44,จังหวัดมหาสารคาม, , ,0, ,0, ,0, ,6212,472198,490467,962665
33,0,0,45,จังหวัดร้อยเอ็ด, , ,0, ,0, ,0, ,6212,648548,656663,1305211
34,0,0,46,จังหวัดกาฬสินธุ์, , ,0, ,0, ,0, ,6212,487451,495967,983418
35,0,0,47,จังหวัดสกลนคร, , ,0, ,0, ,0, ,6212,574342,579048,1153390
36,0,0,48,จังหวัดนครพนม, , ,0, ,0, ,0, ,6212,358720,360416,719136
37,0,0,49,จังหวัดมุกดาหาร, , ,0, ,0, ,0, ,6212,176708,176466,353174
38,0,0,50,จังหวัดเชียงใหม่, , ,0, ,0, ,0, ,6212,861692,917562,1779254
39,0,0,51,จังหวัดลำพูน, , ,0, ,0, ,0, ,6212,195140,209935,405075
40,0,0,52,จังหวัดลำปาง, , ,0, ,0, ,0, ,6212,360324,377992,738316
41,0,0,53,จังหวัดอุตรดิตถ์, , ,0, ,0, ,0, ,6212,221583,231520,453103
42,0,0,54,จังหวัดแพร่, , ,0, ,0, ,0, ,6212,213494,228232,441726
43,0,0,55,จังหวัดน่าน, , ,0, ,0, ,0, ,6212,239661,238566,478227
44,0,0,56,จังหวัดพะเยา, , ,0, ,0, ,0, ,6212,230476,241880,472356
45,0,0,57,จังหวัดเชียงราย, , ,0, ,0, ,0, ,6212,632413,665891,1298304
46,0,0,58,จังหวัดแม่ฮ่องสอน, , ,0, ,0, ,0, ,6212,144302,139836,284138
47,0,0,60,จังหวัดนครสวรรค์, , ,0, ,0, ,0, ,6212,517723,542164,1059887
48,0,0,61,จังหวัดอุทัยธานี, , ,0, ,0, ,0, ,6212,160855,167763,328618
49,0,0,62,จังหวัดกำแพงเพชร, , ,0, ,0, ,0, ,6212,359205,366662,725867
50,0,0,63,จังหวัดตาก, , ,0, ,0, ,0, ,6212,336893,328727,665620
51,0,0,64,จังหวัดสุโขทัย, , ,0, ,0, ,0, ,6212,288842,306230,595072
52,0,0,65,จังหวัดพิษณุโลก, , ,0, ,0, ,0, ,6212,423304,441943,865247
53,0,0,66,จังหวัดพิจิตร, , ,0, ,0, ,0, ,6212,261765,274546,536311
54,0,0,67,จังหวัดเพชรบูรณ์, , ,0, ,0, ,0, ,6212,490810,501641,992451
55,0,0,70,จังหวัดราชบุรี, , ,0, ,0, ,0, ,6212,425677,447424,873101
56,0,0,71,จังหวัดกาญจนบุรี, , ,0, ,0, ,0, ,6212,450262,445263,895525
57,0,0,72,จังหวัดสุพรรณบุรี, , ,0, ,0, ,0, ,6212,408808,437526,846334
58,0,0,73,จังหวัดนครปฐม, , ,0, ,0, ,0, ,6212,441351,478679,920030
59,0,0,74,จังหวัดสมุทรสาคร, , ,0, ,0, ,0, ,6212,282258,302445,584703
60,0,0,75,จังหวัดสมุทรสงคราม, , ,0, ,0, ,0, ,6212,92555,100750,193305
61,0,0,76,จังหวัดเพชรบุรี, , ,0, ,0, ,0, ,6212,234965,250226,485191
62,0,0,77,จังหวัดประจวบคีรีขันธ์, , ,0, ,0, ,0, ,6212,275598,278518,554116
63,0,0,80,จังหวัดนครศรีธรรมราช, , ,0, ,0, ,0, ,6212,771735,790192,1561927
64,0,0,81,จังหวัดกระบี่, , ,0, ,0, ,0, ,6212,236790,239949,476739
65,0,0,82,จังหวัดพังงา, , ,0, ,0, ,0, ,6212,134192,134596,268788
66,0,0,83,จังหวัดภูเก็ต, , ,0, ,0, ,0, ,6212,197036,219546,416582
67,0,0,84,จังหวัดสุราษฎร์ธานี, , ,0, ,0, ,0, ,6212,526693,541317,1068010
68,0,0,85,จังหวัดระนอง, , ,0, ,0, ,0, ,6212,97756,95614,193370
69,0,0,86,จังหวัดชุมพร, , ,0, ,0, ,0, ,6212,252854,258450,511304
70,0,0,90,จังหวัดสงขลา, , ,0, ,0, ,0, ,6212,700441,735527,1435968
71,0,0,91,จังหวัดสตูล, , ,0, ,0, ,0, ,6212,160926,162660,323586
72,0,0,92,จังหวัดตรัง, , ,0, ,0, ,0, ,6212,314793,328371,643164
73,0,0,93,จังหวัดพัทลุง, , ,0, ,0, ,0, ,6212,255838,269027,524865
74,0,0,94,จังหวัดปัตตานี, , ,0, ,0, ,0, ,6212,358661,366443,725104
75,0,0,95,จังหวัดยะลา, , ,0, ,0, ,0, ,6212,266860,269470,536330
76,0,0,96,จังหวัดนราธิวาส, , ,0, ,0, ,0, ,6212,400017,408003,808020
0,0,0,10,กรุงเทพมหานคร, , ,0, ,0, ,0, ,6312,2625938,2962284,5588222
1,0,0,11,จังหวัดสมุทรปราการ, , ,0, ,0, ,0, ,6312,644516,706963,1351479
2,0,0,12,จังหวัดนนทบุรี, , ,0, ,0, ,0, ,6312,594308,682437,1276745
3,0,0,13,จังหวัดปทุมธานี, , ,0, ,0, ,0, ,6312,557752,618660,1176412
4,0,0,14,จังหวัดพระนครศรีอยุธยา, , ,0, ,0, ,0, ,6312,393551,425537,819088
5,0,0,15,จังหวัดอ่างทอง, , ,0, ,0, ,0, ,6312,132393,144191,276584
6,0,0,16,จังหวัดลพบุรี, , ,0, ,0, ,0, ,6312,371157,371771,742928
7,0,0,17,จังหวัดสิงห์บุรี, , ,0, ,0, ,0, ,6312,97897,108001,205898
8,0,0,18,จังหวัดชัยนาท, , ,0, ,0, ,0, ,6312,155013,167464,322477
9,0,0,19,จังหวัดสระบุรี, , ,0, ,0, ,0, ,6312,316505,327323,643828
10,0,0,20,จังหวัดชลบุรี, , ,0, ,0, ,0, ,6312,763983,802902,1566885
11,0,0,21,จังหวัดระยอง, , ,0, ,0, ,0, ,6312,364200,377324,741524
12,0,0,22,จังหวัดจันทบุรี, , ,0, ,0, ,0, ,6312,262027,273532,535559
13,0,0,23,จังหวัดตราด, , ,0, ,0, ,0, ,6312,113131,115405,228536
14,0,0,24,จังหวัดฉะเชิงเทรา, , ,0, ,0, ,0, ,6312,353442,367276,720718
15,0,0,25,จังหวัดปราจีนบุรี, , ,0, ,0, ,0, ,6312,244018,249652,493670
16,0,0,26,จังหวัดนครนายก, , ,0, ,0, ,0, ,6312,128627,131454,260081
17,0,0,27,จังหวัดสระแก้ว, , ,0, ,0, ,0, ,6312,280017,280908,560925
18,0,0,30,จังหวัดนครราชสีมา, , ,0, ,0, ,0, ,6312,1294622,1338585,2633207
19,0,0,31,จังหวัดบุรีรัมย์, , ,0, ,0, ,0, ,6312,785222,795962,1581184
20,0,0,32,จังหวัดสุรินทร์, , ,0, ,0, ,0, ,6312,685800,692421,1378221
21,0,0,33,จังหวัดศรีสะเกษ, , ,0, ,0, ,0, ,6312,726306,732274,1458580
22,0,0,34,จังหวัดอุบลราชธานี, , ,0, ,0, ,0, ,6312,932400,934297,1866697
23,0,0,35,จังหวัดยโสธร, , ,0, ,0, ,0, ,6312,267016,267484,534500
24,0,0,36,จังหวัดชัยภูมิ, , ,0, ,0, ,0, ,6312,556045,568879,1124924
25,0,0,37,จังหวัดอำนาจเจริญ, , ,0, ,0, ,0, ,6312,187309,188886,376195
26,0,0,38,จังหวัดบึงกาฬ, , ,0, ,0, ,0, ,6312,211673,210369,422042
27,0,0,39,จังหวัดหนองบัวลำภู, , ,0, ,0, ,0, ,6312,254231,255239,509470
28,0,0,40,จังหวัดขอนแก่น, , ,0, ,0, ,0, ,6312,882462,912069,1794531
29,0,0,41,จังหวัดอุดรธานี, , ,0, ,0, ,0, ,6312,777107,790876,1567983
30,0,0,42,จังหวัดเลย, , ,0, ,0, ,0, ,6312,320165,318571,638736
31,0,0,43,จังหวัดหนองคาย, , ,0, ,0, ,0, ,6312,256823,260612,517435
32,0,0,44,จังหวัดมหาสารคาม, , ,0, ,0, ,0, ,6312,467497,486163,953660
33,0,0,45,จังหวัดร้อยเอ็ด, , ,0, ,0, ,0, ,6312,644218,654422,1298640
34,0,0,46,จังหวัดกาฬสินธุ์, , ,0, ,0, ,0, ,6312,483447,493728,977175
35,0,0,47,จังหวัดสกลนคร, , ,0, ,0, ,0, ,6312,570285,576651,1146936
36,0,0,48,จังหวัดนครพนม, , ,0, ,0, ,0, ,6312,357594,359607,717201
37,0,0,49,จังหวัดมุกดาหาร, , ,0, ,0, ,0, ,6312,175367,175544,350911
38,0,0,50,จังหวัดเชียงใหม่, , ,0, ,0, ,0, ,6312,862874,921496,1784370
39,0,0,51,จังหวัดลำพูน, , ,0, ,0, ,0, ,6312,193381,208630,402011
40,0,0,52,จังหวัดลำปาง, , ,0, ,0, ,0, ,6312,355258,373706,728964
41,0,0,53,จังหวัดอุตรดิตถ์, , ,0, ,0, ,0, ,6312,218988,229757,448745
42,0,0,54,จังหวัดแพร่, , ,0, ,0, ,0, ,6312,210973,226377,437350
43,0,0,55,จังหวัดน่าน, , ,0, ,0, ,0, ,6312,238738,237989,476727
44,0,0,56,จังหวัดพะเยา, , ,0, ,0, ,0, ,6312,227686,239670,467356
45,0,0,57,จังหวัดเชียงราย, , ,0, ,0, ,0, ,6312,629960,665066,1295026
46,0,0,58,จังหวัดแม่ฮ่องสอน, , ,0, ,0, ,0, ,6312,144311,140238,284549
47,0,0,60,จังหวัดนครสวรรค์, , ,0, ,0, ,0, ,6312,507379,532929,1040308
48,0,0,61,จังหวัดอุทัยธานี, , ,0, ,0, ,0, ,6312,159322,166546,325868
49,0,0,62,จังหวัดกำแพงเพชร, , ,0, ,0, ,0, ,6312,352711,361407,714118
50,0,0,63,จังหวัดตาก, , ,0, ,0, ,0, ,6312,338951,331314,670265
51,0,0,64,จังหวัดสุโขทัย, , ,0, ,0, ,0, ,6312,284949,302934,587883
52,0,0,65,จังหวัดพิษณุโลก, , ,0, ,0, ,0, ,6312,416234,433247,849481
53,0,0,66,จังหวัดพิจิตร, , ,0, ,0, ,0, ,6312,259651,272659,532310
54,0,0,67,จังหวัดเพชรบูรณ์, , ,0, ,0, ,0, ,6312,484886,497054,981940
55,0,0,70,จังหวัดราชบุรี, , ,0, ,0, ,0, ,6312,422831,446482,869313
56,0,0,71,จังหวัดกาญจนบุรี, , ,0, ,0, ,0, ,6312,447983,443993,891976
57,0,0,72,จังหวัดสุพรรณบุรี, , ,0, ,0, ,0, ,6312,404658,433970,838628
58,0,0,73,จังหวัดนครปฐม, , ,0, ,0, ,0, ,6312,441884,478845,920729
59,0,0,74,จังหวัดสมุทรสาคร, , ,0, ,0, ,0, ,6312,282723,303476,586199
60,0,0,75,จังหวัดสมุทรสงคราม, , ,0, ,0, ,0, ,6312,91825,100227,192052
61,0,0,76,จังหวัดเพชรบุรี, , ,0, ,0, ,0, ,6312,232915,249278,482193
62,0,0,77,จังหวัดประจวบคีรีขันธ์, , ,0, ,0, ,0, ,6312,272849,277829,550678
63,0,0,80,จังหวัดนครศรีธรรมราช, , ,0, ,0, ,0, ,6312,765370,785351,1550721
64,0,0,81,จังหวัดกระบี่, , ,0, ,0, ,0, ,6312,237242,240528,477770
65,0,0,82,จังหวัดพังงา, , ,0, ,0, ,0, ,6312,133743,134486,268229
66,0,0,83,จังหวัดภูเก็ต, , ,0, ,0, ,0, ,6312,195795,218676,414471
67,0,0,84,จังหวัดสุราษฎร์ธานี, , ,0, ,0, ,0, ,6312,525716,542010,1067726
68,0,0,85,จังหวัดระนอง, , ,0, ,0, ,0, ,6312,98154,96218,194372
69,0,0,86,จังหวัดชุมพร, , ,0, ,0, ,0, ,6312,251370,257838,509208
70,0,0,90,จังหวัดสงขลา, , ,0, ,0, ,0, ,6312,696349,732260,1428609
71,0,0,91,จังหวัดสตูล, , ,0, ,0, ,0, ,6312,161303,162795,324098
72,0,0,92,จังหวัดตรัง, , ,0, ,0, ,0, ,6312,313368,327206,640574
73,0,0,93,จังหวัดพัทลุง, , ,0, ,0, ,0, ,6312,254908,268169,523077
74,0,0,94,จังหวัดปัตตานี, , ,0, ,0, ,0, ,6312,358611,367404,726015
75,0,0,95,จังหวัดยะลา, , ,0, ,0, ,0, ,6312,267919,270683,538602
76,0,0,96,จังหวัดนราธิวาส, , ,0, ,0, ,0, ,6312,397700,406729,804429
0,0,0,10,กรุงเทพมหานคร, , ,0, ,0, ,0, ,6412,2592292,2935702,5527994
1,0,0,11,จังหวัดสมุทรปราการ, , ,0, ,0, ,0, ,6412,645884,710565,1356449
2,0,0,12,จังหวัดนนทบุรี, , ,0, ,0, ,0, ,6412,599167,689470,1288637
3,0,0,13,จังหวัดปทุมธานี, , ,0, ,0, ,0, ,6412,563851,626209,1190060
4,0,0,14,จังหวัดพระนครศรีอยุธยา, , ,0, ,0, ,0, ,6412,394024,426488,820512
5,0,0,15,จังหวัดอ่างทอง, , ,0, ,0, ,0, ,6412,131399,143364,274763
6,0,0,16,จังหวัดลพบุรี, , ,0, ,0, ,0, ,6412,368733,370740,739473
7,0,0,17,จังหวัดสิงห์บุรี, , ,0, ,0, ,0, ,6412,97144,107382,204526
8,0,0,18,จังหวัดชัยนาท, , ,0, ,0, ,0, ,6412,153962,166470,320432
9,0,0,19,จังหวัดสระบุรี, , ,0, ,0, ,0, ,6412,316201,327762,643963
10,0,0,20,จังหวัดชลบุรี, , ,0, ,0, ,0, ,6412,772463,811209,1583672
11,0,0,21,จังหวัดระยอง, , ,0, ,0, ,0, ,6412,368992,382351,751343
12,0,0,22,จังหวัดจันทบุรี, , ,0, ,0, ,0, ,6412,262257,274300,536557
13,0,0,23,จังหวัดตราด, , ,0, ,0, ,0, ,6412,112941,115435,228376
14,0,0,24,จังหวัดฉะเชิงเทรา, , ,0, ,0, ,0, ,6412,354834,369344,724178
15,0,0,25,จังหวัดปราจีนบุรี, , ,0, ,0, ,0, ,6412,244642,250683,495325
16,0,0,26,จังหวัดนครนายก, , ,0, ,0, ,0, ,6412,128854,131579,260433
17,0,0,27,จังหวัดสระแก้ว, , ,0, ,0, ,0, ,6412,280673,281319,561992
18,0,0,30,จังหวัดนครราชสีมา, , ,0, ,0, ,0, ,6412,1293783,1340371,2634154
19,0,0,31,จังหวัดบุรีรัมย์, , ,0, ,0, ,0, ,6412,783531,796274,1579805
20,0,0,32,จังหวัดสุรินทร์, , ,0, ,0, ,0, ,6412,684354,691876,1376230
21,0,0,33,จังหวัดศรีสะเกษ, , ,0, ,0, ,0, ,6412,725426,732130,1457556
22,0,0,34,จังหวัดอุบลราชธานี, , ,0, ,0, ,0, ,6412,932466,936053,1868519
23,0,0,35,จังหวัดยโสธร, , ,0, ,0, ,0, ,6412,265945,267449,533394
24,0,0,36,จังหวัดชัยภูมิ, , ,0, ,0, ,0, ,6412,554299,567966,1122265
25,0,0,37,จังหวัดอำนาจเจริญ, , ,0, ,0, ,0, ,6412,187122,189228,376350
26,0,0,38,จังหวัดบึงกาฬ, , ,0, ,0, ,0, ,6412,211494,210501,421995
27,0,0,39,จังหวัดหนองบัวลำภู, , ,0, ,0, ,0, ,6412,253757,255244,509001
28,0,0,40,จังหวัดขอนแก่น, , ,0, ,0, ,0, ,6412,879849,911014,1790863
29,0,0,41,จังหวัดอุดรธานี, , ,0, ,0, ,0, ,6412,775357,791153,1566510
30,0,0,42,จังหวัดเลย, , ,0, ,0, ,0, ,6412,319949,318783,638732
31,0,0,43,จังหวัดหนองคาย, , ,0, ,0, ,0, ,6412,256268,260575,516843
32,0,0,44,จังหวัดมหาสารคาม, , ,0, ,0, ,0, ,6412,464976,483334,948310
33,0,0,45,จังหวัดร้อยเอ็ด, , ,0, ,0, ,0, ,6412,641883,654130,1296013
34,0,0,46,จังหวัดกาฬสินธุ์, , ,0, ,0, ,0, ,6412,481988,493582,975570
35,0,0,47,จังหวัดสกลนคร, , ,0, ,0, ,0, ,6412,569364,576922,1146286
36,0,0,48,จังหวัดนครพนม, , ,0, ,0, ,0, ,6412,357096,359944,717040
37,0,0,49,จังหวัดมุกดาหาร, , ,0, ,0, ,0, ,6412,175633,175851,351484
38,0,0,50,จังหวัดเชียงใหม่, , ,0, ,0, ,0, ,6412,864364,925021,1789385
39,0,0,51,จังหวัดลำพูน, , ,0, ,0, ,0, ,6412,192712,208427,401139
40,0,0,52,จังหวัดลำปาง, , ,0, ,0, ,0, ,6412,352894,371784,724678
41,0,0,53,จังหวัดอุตรดิตถ์, , ,0, ,0, ,0, ,6412,217413,228735,446148
42,0,0,54,จังหวัดแพร่, , ,0, ,0, ,0, ,6412,209403,225177,434580
43,0,0,55,จังหวัดน่าน, , ,0, ,0, ,0, ,6412,237959,237916,475875
44,0,0,56,จังหวัดพะเยา, , ,0, ,0, ,0, ,6412,225943,238562,464505
45,0,0,57,จังหวัดเชียงราย, , ,0, ,0, ,0, ,6412,630868,667557,1298425
46,0,0,58,จังหวัดแม่ฮ่องสอน, , ,0, ,0, ,0, ,6412,144811,141105,285916
47,0,0,60,จังหวัดนครสวรรค์, , ,0, ,0, ,0, ,6412,504657,530371,1035028
48,0,0,61,จังหวัดอุทัยธานี, , ,0, ,0, ,0, ,6412,158926,166190,325116
49,0,0,62,จังหวัดกำแพงเพชร, , ,0, ,0, ,0, ,6412,351539,360604,712143
50,0,0,63,จังหวัดตาก, , ,0, ,0, ,0, ,6412,341966,334617,676583
51,0,0,64,จังหวัดสุโขทัย, , ,0, ,0, ,0, ,6412,283429,301923,585352
52,0,0,65,จังหวัดพิษณุโลก, , ,0, ,0, ,0, ,6412,414577,432807,847384
53,0,0,66,จังหวัดพิจิตร, , ,0, ,0, ,0, ,6412,258012,271383,529395
54,0,0,67,จังหวัดเพชรบูรณ์, , ,0, ,0, ,0, ,6412,482234,496138,978372
55,0,0,70,จังหวัดราชบุรี, , ,0, ,0, ,0, ,6412,421921,446360,868281
56,0,0,71,จังหวัดกาญจนบุรี, , ,0, ,0, ,0, ,6412,448312,445742,894054
57,0,0,72,จังหวัดสุพรรณบุรี, , ,0, ,0, ,0, ,6412,402883,432477,835360
58,0,0,73,จังหวัดนครปฐม, , ,0, ,0, ,0, ,6412,442800,479371,922171
59,0,0,74,จังหวัดสมุทรสาคร, , ,0, ,0, ,0, ,6412,282683,304106,586789
60,0,0,75,จังหวัดสมุทรสงคราม, , ,0, ,0, ,0, ,6412,91101,99741,190842
61,0,0,76,จังหวัดเพชรบุรี, , ,0, ,0, ,0, ,6412,232927,249948,482875
62,0,0,77,จังหวัดประจวบคีรีขันธ์, , ,0, ,0, ,0, ,6412,274049,279122,553171
63,0,0,80,จังหวัดนครศรีธรรมราช, , ,0, ,0, ,0, ,6412,764471,784873,1549344
64,0,0,81,จังหวัดกระบี่, , ,0, ,0, ,0, ,6412,238092,241259,479351
65,0,0,82,จังหวัดพังงา, , ,0, ,0, ,0, ,6412,133785,134231,268016
66,0,0,83,จังหวัดภูเก็ต, , ,0, ,0, ,0, ,6412,197874,220911,418785
67,0,0,84,จังหวัดสุราษฎร์ธานี, , ,0, ,0, ,0, ,6412,527349,545115,1072464
68,0,0,85,จังหวัดระนอง, , ,0, ,0, ,0, ,6412,98136,96437,194573
69,0,0,86,จังหวัดชุมพร, , ,0, ,0, ,0, ,6412,251405,258074,509479
70,0,0,90,จังหวัดสงขลา, , ,0, ,0, ,0, ,6412,697256,734280,1431536
71,0,0,91,จังหวัดสตูล, , ,0, ,0, ,0, ,6412,161640,163195,324835
72,0,0,92,จังหวัดตรัง, , ,0, ,0, ,0, ,6412,312693,327095,639788
73,0,0,93,จังหวัดพัทลุง, , ,0, ,0, ,0, ,6412,254425,268116,522541
74,0,0,94,จังหวัดปัตตานี, , ,0, ,0, ,0, ,6412,360348,369233,729581
75,0,0,95,จังหวัดยะลา, , ,0, ,0, ,0, ,6412,269907,272407,542314
76,0,0,96,จังหวัดนราธิวาส, , ,0, ,0, ,0, ,6412,400501,409159,809660
0,0,0,10,กรุงเทพมหานคร, , ,0, ,0, ,0, ,6512,2571974,2922958,5494932
1,0,0,11,จังหวัดสมุทรปราการ, , ,0, ,0, ,0, ,6512,646798,713429,1360227
2,0,0,12,จังหวัดนนทบุรี, , ,0, ,0, ,0, ,6512,601682,694234,1295916
3,0,0,13,จังหวัดปทุมธานี, , ,0, ,0, ,0, ,6512,568877,632655,1201532
4,0,0,14,จังหวัดพระนครศรีอยุธยา, , ,0, ,0, ,0, ,6512,393685,426732,820417
5,0,0,15,จังหวัดอ่างทอง, , ,0, ,0, ,0, ,6512,130337,142250,272587
6,0,0,16,จังหวัดลพบุรี, , ,0, ,0, ,0, ,6512,366294,368999,735293
7,0,0,17,จังหวัดสิงห์บุรี, , ,0, ,0, ,0, ,6512,96345,106452,202797
8,0,0,18,จังหวัดชัยนาท, , ,0, ,0, ,0, ,6512,152800,165508,318308
9,0,0,19,จังหวัดสระบุรี, , ,0, ,0, ,0, ,6512,313213,325369,638582
10,0,0,20,จังหวัดชลบุรี, , ,0, ,0, ,0, ,6512,777220,817538,1594758
11,0,0,21,จังหวัดระยอง, , ,0, ,0, ,0, ,6512,372863,386523,759386
12,0,0,22,จังหวัดจันทบุรี, , ,0, ,0, ,0, ,6512,261874,274270,536144
13,0,0,23,จังหวัดตราด, , ,0, ,0, ,0, ,6512,112668,115140,227808
14,0,0,24,จังหวัดฉะเชิงเทรา, , ,0, ,0, ,0, ,6512,355759,370928,726687
15,0,0,25,จังหวัดปราจีนบุรี, , ,0, ,0, ,0, ,6512,245884,251894,497778
16,0,0,26,จังหวัดนครนายก, , ,0, ,0, ,0, ,6512,128790,131616,260406
17,0,0,27,จังหวัดสระแก้ว, , ,0, ,0, ,0, ,6512,281252,281564,562816
18,0,0,30,จังหวัดนครราชสีมา, , ,0, ,0, ,0, ,6512,1290253,1339805,2630058
19,0,0,31,จังหวัดบุรีรัมย์, , ,0, ,0, ,0, ,6512,781530,795385,1576915
20,0,0,32,จังหวัดสุรินทร์, , ,0, ,0, ,0, ,6512,682371,690539,1372910
21,0,0,33,จังหวัดศรีสะเกษ, , ,0, ,0, ,0, ,6512,723755,730975,1454730
22,0,0,34,จังหวัดอุบลราชธานี, , ,0, ,0, ,0, ,6512,932120,937686,1869806
23,0,0,35,จังหวัดยโสธร, , ,0, ,0, ,0, ,6512,264756,266843,531599
24,0,0,36,จังหวัดชัยภูมิ, , ,0, ,0, ,0, ,6512,551407,566518,1117925
25,0,0,37,จังหวัดอำนาจเจริญ, , ,0, ,0, ,0, ,6512,186594,188788,375382
26,0,0,38,จังหวัดบึงกาฬ, , ,0, ,0, ,0, ,6512,211158,210526,421684
27,0,0,39,จังหวัดหนองบัวลำภู, , ,0, ,0, ,0, ,6512,253342,254983,508325
28,0,0,40,จังหวัดขอนแก่น, , ,0, ,0, ,0, ,6512,876082,908559,1784641
29,0,0,41,จังหวัดอุดรธานี, , ,0, ,0, ,0, ,6512,772344,790704,1563048
30,0,0,42,จังหวัดเลย, , ,0, ,0, ,0, ,6512,319099,318242,637341
31,0,0,43,จังหวัดหนองคาย, , ,0, ,0, ,0, ,6512,255393,260402,515795
32,0,0,44,จังหวัดมหาสารคาม, , ,0, ,0, ,0, ,6512,462896,481709,944605
33,0,0,45,จังหวัดร้อยเอ็ด, , ,0, ,0, ,0, ,6512,639009,652122,1291131
34,0,0,46,จังหวัดกาฬสินธุ์, , ,0, ,0, ,0, ,6512,479874,492227,972101
35,0,0,47,จังหวัดสกลนคร, , ,0, ,0, ,0, ,6512,568553,576634,1145187
36,0,0,48,จังหวัดนครพนม, , ,0, ,0, ,0, ,6512,356834,359813,716647
37,0,0,49,จังหวัดมุกดาหาร, , ,0, ,0, ,0, ,6512,175542,176046,351588
38,0,0,50,จังหวัดเชียงใหม่, , ,0, ,0, ,0, ,6512,864339,928135,1792474
39,0,0,51,จังหวัดลำพูน, , ,0, ,0, ,0, ,6512,191596,207961,399557
40,0,0,52,จังหวัดลำปาง, , ,0, ,0, ,0, ,6512,349574,369216,718790
41,0,0,53,จังหวัดอุตรดิตถ์, , ,0, ,0, ,0, ,6512,215648,227301,442949
42,0,0,54,จังหวัดแพร่, , ,0, ,0, ,0, ,6512,207174,223495,430669
43,0,0,55,จังหวัดน่าน, , ,0, ,0, ,0, ,6512,236941,237598,474539
44,0,0,56,จังหวัดพะเยา, , ,0, ,0, ,0, ,6512,224063,237368,461431
45,0,0,57,จังหวัดเชียงราย, , ,0, ,0, ,0, ,6512,630619,669017,1299636
46,0,0,58,จังหวัดแม่ฮ่องสอน, , ,0, ,0, ,0, ,6512,145194,141592,286786
47,0,0,60,จังหวัดนครสวรรค์, , ,0, ,0, ,0, ,6512,501235,527579,1028814
48,0,0,61,จังหวัดอุทัยธานี, , ,0, ,0, ,0, ,6512,158139,165721,323860
49,0,0,62,จังหวัดกำแพงเพชร, , ,0, ,0, ,0, ,6512,349696,359079,708775
50,0,0,63,จังหวัดตาก, , ,0, ,0, ,0, ,6512,345732,338408,684140
51,0,0,64,จังหวัดสุโขทัย, , ,0, ,0, ,0, ,6512,281413,300239,581652
52,0,0,65,จังหวัดพิษณุโลก, , ,0, ,0, ,0, ,6512,412742,431752,844494
53,0,0,66,จังหวัดพิจิตร, , ,0, ,0, ,0, ,6512,256341,269603,525944
54,0,0,67,จังหวัดเพชรบูรณ์, , ,0, ,0, ,0, ,6512,479134,494252,973386
55,0,0,70,จังหวัดราชบุรี, , ,0, ,0, ,0, ,6512,420322,445485,865807
56,0,0,71,จังหวัดกาญจนบุรี, , ,0, ,0, ,0, ,6512,448109,446174,894283
57,0,0,72,จังหวัดสุพรรณบุรี, , ,0, ,0, ,0, ,6512,400366,430329,830695
58,0,0,73,จังหวัดนครปฐม, , ,0, ,0, ,0, ,6512,442350,479532,921882
59,0,0,74,จังหวัดสมุทรสาคร, , ,0, ,0, ,0, ,6512,283474,305954,589428
60,0,0,75,จังหวัดสมุทรสงคราม, , ,0, ,0, ,0, ,6512,90381,99072,189453
61,0,0,76,จังหวัดเพชรบุรี, , ,0, ,0, ,0, ,6512,232601,250349,482950
62,0,0,77,จังหวัดประจวบคีรีขันธ์, , ,0, ,0, ,0, ,6512,273525,279773,553298
63,0,0,80,จังหวัดนครศรีธรรมราช, , ,0, ,0, ,0, ,6512,762647,782500,1545147
64,0,0,81,จังหวัดกระบี่, , ,0, ,0, ,0, ,6512,238455,241602,480057
65,0,0,82,จังหวัดพังงา, , ,0, ,0, ,0, ,6512,133459,133983,267442
66,0,0,83,จังหวัดภูเก็ต, , ,0, ,0, ,0, ,6512,197101,220790,417891
67,0,0,84,จังหวัดสุราษฎร์ธานี, , ,0, ,0, ,0, ,6512,527555,546108,1073663
68,0,0,85,จังหวัดระนอง, , ,0, ,0, ,0, ,6512,97803,96423,194226
69,0,0,86,จังหวัดชุมพร, , ,0, ,0, ,0, ,6512,251226,258159,509385
70,0,0,90,จังหวัดสงขลา, , ,0, ,0, ,0, ,6512,696482,734581,1431063
71,0,0,91,จังหวัดสตูล, , ,0, ,0, ,0, ,6512,161878,163425,325303
72,0,0,92,จังหวัดตรัง, , ,0, ,0, ,0, ,6512,311849,326357,638206
73,0,0,93,จังหวัดพัทลุง, , ,0, ,0, ,0, ,6512,253817,267802,521619
74,0,0,94,จังหวัดปัตตานี, , ,0, ,0, ,0, ,6512,362263,370692,732955
75,0,0,95,จังหวัดยะลา, , ,0, ,0, ,0, ,6512,271480,274433,545913
76,0,0,96,จังหวัดนราธิวาส, , ,0, ,0, ,0, ,6512,402665,411456,814121
0,0,0,10,กรุงเทพมหานคร, , ,0, ,0, ,0, ,6612,2555426,2916162,5471588
1,0,0,11,จังหวัดสมุทรปราการ, , ,0, ,0, ,0, ,6612,651455,721515,1372970
2,0,0,12,จังหวัดนนทบุรี, , ,0, ,0, ,0, ,6612,606134,701958,1308092
3,0,0,13,จังหวัดปทุมธานี, , ,0, ,0, ,0, ,6612,576746,642453,1219199
4,0,0,14,จังหวัดพระนครศรีอยุธยา, , ,0, ,0, ,0, ,6612,394255,427851,822106
5,0,0,15,จังหวัดอ่างทอง, , ,0, ,0, ,0, ,6612,129432,141294,270726
6,0,0,16,จังหวัดลพบุรี, , ,0, ,0, ,0, ,6612,362500,367197,729697
7,0,0,17,จังหวัดสิงห์บุรี, , ,0, ,0, ,0, ,6612,95652,105787,201439
8,0,0,18,จังหวัดชัยนาท, , ,0, ,0, ,0, ,6612,151775,164445,316220
9,0,0,19,จังหวัดสระบุรี, , ,0, ,0, ,0, ,6612,313097,325729,638826
10,0,0,20,จังหวัดชลบุรี, , ,0, ,0, ,0, ,6612,787986,830080,1618066
11,0,0,21,จังหวัดระยอง, , ,0, ,0, ,0, ,6612,378051,393138,771189
12,0,0,22,จังหวัดจันทบุรี, , ,0, ,0, ,0, ,6612,261834,274602,536436
13,0,0,23,จังหวัดตราด, , ,0, ,0, ,0, ,6612,112157,114895,227052
14,0,0,24,จังหวัดฉะเชิงเทรา, , ,0, ,0, ,0, ,6612,357453,373090,730543
15,0,0,25,จังหวัดปราจีนบุรี, , ,0, ,0, ,0, ,6612,246490,253073,499563
16,0,0,26,จังหวัดนครนายก, , ,0, ,0, ,0, ,6612,128575,131542,260117
17,0,0,27,จังหวัดสระแก้ว, , ,0, ,0, ,0, ,6612,281069,281833,562902
18,0,0,30,จังหวัดนครราชสีมา, , ,0, ,0, ,0, ,6612,1286634,1339160,2625794
19,0,0,31,จังหวัดบุรีรัมย์, , ,0, ,0, ,0, ,6612,779221,794009,1573230
20,0,0,32,จังหวัดสุรินทร์, , ,0, ,0, ,0, ,6612,679575,688267,1367842
21,0,0,33,จังหวัดศรีสะเกษ, , ,0, ,0, ,0, ,6612,721690,728643,1450333
22,0,0,34,จังหวัดอุบลราชธานี, , ,0, ,0, ,0, ,6612,931541,938067,1869608
23,0,0,35,จังหวัดยโสธร, , ,0, ,0, ,0, ,6612,263199,265679,528878
24,0,0,36,จังหวัดชัยภูมิ, , ,0, ,0, ,0, ,6612,549032,564346,1113378
25,0,0,37,จังหวัดอำนาจเจริญ, , ,0, ,0, ,0, ,6612,185906,188231,374137
26,0,0,38,จังหวัดบึงกาฬ, , ,0, ,0, ,0, ,6612,210408,210079,420487
27,0,0,39,จังหวัดหนองบัวลำภู, , ,0, ,0, ,0, ,6612,252436,254436,506872
28,0,0,40,จังหวัดขอนแก่น, , ,0, ,0, ,0, ,6612,872661,906712,1779373
29,0,0,41,จังหวัดอุดรธานี, , ,0, ,0, ,0, ,6612,769682,788846,1558528
30,0,0,42,จังหวัดเลย, , ,0, ,0, ,0, ,6612,317538,317604,635142
31,0,0,43,จังหวัดหนองคาย, , ,0, ,0, ,0, ,6612,254558,259463,514021
32,0,0,44,จังหวัดมหาสารคาม, , ,0, ,0, ,0, ,6612,460095,477820,937915
33,0,0,45,จังหวัดร้อยเอ็ด, , ,0, ,0, ,0, ,6612,635320,649516,1284836
34,0,0,46,จังหวัดกาฬสินธุ์, , ,0, ,0, ,0, ,6612,477905,490160,968065
35,0,0,47,จังหวัดสกลนคร, , ,0, ,0, ,0, ,6612,567271,575386,1142657
36,0,0,48,จังหวัดนครพนม, , ,0, ,0, ,0, ,6612,355557,358727,714284
37,0,0,49,จังหวัดมุกดาหาร, , ,0, ,0, ,0, ,6612,175671,175924,351595
38,0,0,50,จังหวัดเชียงใหม่, , ,0, ,0, ,0, ,6612,865666,931409,1797075
39,0,0,51,จังหวัดลำพูน, , ,0, ,0, ,0, ,6612,190822,207618,398440
40,0,0,52,จังหวัดลำปาง, , ,0, ,0, ,0, ,6612,345539,365939,711478
41,0,0,53,จังหวัดอุตรดิตถ์, , ,0, ,0, ,0, ,6612,213882,225747,439629
42,0,0,54,จังหวัดแพร่, , ,0, ,0, ,0, ,6612,204787,221544,426331
43,0,0,55,จังหวัดน่าน, , ,0, ,0, ,0, ,6612,236008,236714,472722
44,0,0,56,จังหวัดพะเยา, , ,0, ,0, ,0, ,6612,222408,235879,458287
45,0,0,57,จังหวัดเชียงราย, , ,0, ,0, ,0, ,6612,629917,669060,1298977
46,0,0,58,จังหวัดแม่ฮ่องสอน, , ,0, ,0, ,0, ,6612,145500,142144,287644
47,0,0,60,จังหวัดนครสวรรค์, , ,0, ,0, ,0, ,6612,497375,524508,1021883
48,0,0,61,จังหวัดอุทัยธานี, , ,0, ,0, ,0, ,6612,157266,165007,322273
49,0,0,62,จังหวัดกำแพงเพชร, , ,0, ,0, ,0, ,6612,347579,357369,704948
50,0,0,63,จังหวัดตาก, , ,0, ,0, ,0, ,6612,349504,342210,691714
51,0,0,64,จังหวัดสุโขทัย, , ,0, ,0, ,0, ,6612,279555,298311,577866
52,0,0,65,จังหวัดพิษณุโลก, , ,0, ,0, ,0, ,6612,411058,430671,841729
53,0,0,66,จังหวัดพิจิตร, , ,0, ,0, ,0, ,6612,254271,267636,521907
54,0,0,67,จังหวัดเพชรบูรณ์, , ,0, ,0, ,0, ,6612,475870,491551,967421
55,0,0,70,จังหวัดราชบุรี, , ,0, ,0, ,0, ,6612,419181,445565,864746
56,0,0,71,จังหวัดกาญจนบุรี, , ,0, ,0, ,0, ,6612,447878,447403,895281
57,0,0,72,จังหวัดสุพรรณบุรี, , ,0, ,0, ,0, ,6612,398001,428390,826391
58,0,0,73,จังหวัดนครปฐม, , ,0, ,0, ,0, ,6612,443250,481271,924521
59,0,0,74,จังหวัดสมุทรสาคร, , ,0, ,0, ,0, ,6612,284337,307696,592033
60,0,0,75,จังหวัดสมุทรสงคราม, , ,0, ,0, ,0, ,6612,89679,98314,187993
61,0,0,76,จังหวัดเพชรบุรี, , ,0, ,0, ,0, ,6612,232872,250796,483668
62,0,0,77,จังหวัดประจวบคีรีขันธ์, , ,0, ,0, ,0, ,6612,270074,280903,550977
63,0,0,80,จังหวัดนครศรีธรรมราช, , ,0, ,0, ,0, ,6612,760886,780067,1540953
64,0,0,81,จังหวัดกระบี่, , ,0, ,0, ,0, ,6612,239441,242680,482121
65,0,0,82,จังหวัดพังงา, , ,0, ,0, ,0, ,6612,133379,133678,267057
66,0,0,83,จังหวัดภูเก็ต, , ,0, ,0, ,0, ,6612,199500,224099,423599
67,0,0,84,จังหวัดสุราษฎร์ธานี, , ,0, ,0, ,0, ,6612,528358,547430,1075788
68,0,0,85,จังหวัดระนอง, , ,0, ,0, ,0, ,6612,97359,96012,193371
69,0,0,86,จังหวัดชุมพร, , ,0, ,0, ,0, ,6612,250921,257936,508857
70,0,0,90,จังหวัดสงขลา, , ,0, ,0, ,0, ,6612,696601,735358,1431959
71,0,0,91,จังหวัดสตูล, , ,0, ,0, ,0, ,6612,162039,163431,325470
72,0,0,92,จังหวัดตรัง, , ,0, ,0, ,0, ,6612,311212,325805,637017
73,0,0,93,จังหวัดพัทลุง, , ,0, ,0, ,0, ,6612,253232,267366,520598
74,0,0,94,จังหวัดปัตตานี, , ,0, ,0, ,0, ,6612,364396,372681,737077
75,0,0,95,จังหวัดยะลา, , ,0, ,0, ,0, ,6612,273248,276698,549946
76,0,0,96,จังหวัดนราธิวาส, , ,0, ,0, ,0, ,6612,405170,413992,819162
